;State;month;SPI_Cum1;SPI_Cum3;SPI_Cum6;year
1;Abia;1;-0.690999984741211;-0.550999999046326;-1.96700000762939;2023
2;Abia;2;-1.83399999141693;-1.21899998188019;-1.98199999332428;2023
3;Abia;3;0.749000012874603;-0.17399999499321;-0.374000012874603;2023
4;Abia;4;-0.0509999990463257;-0.0189999993890524;-0.393999993801117;2023
5;Abia;5;-0.294999986886978;0.0199999995529652;-0.388999998569489;2023
6;Abia;6;1.36500000953674;0.739000022411346;0.565999984741211;2023
7;Abia;7;-0.462000012397766;0.36599999666214;0.301999986171722;2023
8;Abia;8;-1.83399999141693;-0.839999973773956;-0.84799998998642;2023
9;Abia;9;-0.0659999996423721;-1.74800002574921;-1.01199996471405;2023
10;Abia;10;-0.289000004529953;-2.15000009536743;-0.952000021934509;2023
11;Abia;11;-0.252000004053116;-0.40200001001358;-0.889999985694885;2023
12;Abia;12;-0.842000007629395;-0.574000000953674;-1.63199996948242;2023
13;Adamawa;1;0.634999990463257;0.0134999975562096;-0.119499996304512;2023
14;Adamawa;2;-1.11099994182587;0.529499981552362;0.272000014781952;2023
15;Adamawa;3;0.752499997615814;0.736000001430511;-1.74400001764297;2023
16;Adamawa;4;0.0890000015497208;0.120000004768372;0.0749999955296516;2023
17;Adamawa;5;-0.287500001490116;-0.255500005674548;-0.268999985884875;2023
18;Adamawa;6;0.831499993801117;0.226000000024214;0.221500002837274;2023
19;Adamawa;7;-1.22050002217293;-0.566499978303909;-0.538999989628792;2023
20;Adamawa;8;-0.634000025689602;-0.65250001847744;-0.750499993562698;2023
21;Adamawa;9;-0.117500007152557;-0.991000026464462;-0.720999985933304;2023
22;Adamawa;10;-0.444000013172626;-0.712000012397766;-0.857500016689301;2023
23;Adamawa;11;2.028500020504;-0.329000025987625;-0.712999999523163;2023
24;Adamawa;12;0.816999979317188;-0.261999998241663;-1.13300001621246;2023
25;Akwa Ibom;1;-0.385749997687526;-0.532999992370605;-1.52799999713898;2023
26;Akwa Ibom;2;-1.31249999254942;-0.940499983727932;-1.27124997973442;2023
27;Akwa Ibom;3;0.500750001519918;-0.297749999910593;-0.312500001862645;2023
28;Akwa Ibom;4;0.157500009983778;-0.0757500021718442;-0.441500011831522;2023
29;Akwa Ibom;5;-0.135499998927116;0.0855000023439061;-0.327749997377396;2023
30;Akwa Ibom;6;0.971249982714653;0.597750008106232;0.353749999776483;2023
31;Akwa Ibom;7;-1.02950000762939;-0.269249990582466;-0.328749999403954;2023
32;Akwa Ibom;8;-1.83374997973442;-1.52350001037121;-1.4137500077486;2023
33;Akwa Ibom;9;-0.236250001937151;-2.46674999594688;-1.55725002288818;2023
34;Akwa Ibom;10;-0.222250000573695;-2.09550002217293;-1.48050001263618;2023
35;Akwa Ibom;11;0.310500003397465;-0.325499995611608;-1.36750000715256;2023
36;Akwa Ibom;12;-0.54450000077486;-0.217000000178814;-1.96324995160103;2023
37;Anambra;1;-1.02424997091293;-0.842750012874603;-2.32649999856949;2023
38;Anambra;2;-1.25075000524521;-1.08075001835823;-2.48024997115135;2023
39;Anambra;3;0.732499994337559;-0.0570000000298023;-0.793249998241663;2023
40;Anambra;4;-0.686000004410744;-0.378749997820705;-0.773499980568886;2023
41;Anambra;5;-0.349749993532896;-0.257250006310642;-0.549500001594424;2023
42;Anambra;6;1.90749996900558;0.820000007748604;0.690999999642372;2023
43;Anambra;7;0.461250007152557;1.14425001293421;0.866500020027161;2023
44;Anambra;8;-2.56533328692118;-0.148749999701977;-0.326249993871897;2023
45;Anambra;9;0.0974999982863665;-1.06800001068041;-0.456249997019768;2023
46;Anambra;10;-0.315500006079674;-1.86750000715256;-0.380000002682209;2023
47;Anambra;11;-0.851000003516674;-0.350500002503395;-0.325500003993511;2023
48;Anambra;12;-0.842500001192093;-0.71824999153614;-1.17349999397993;2023
49;Bauchi;1;NA;-1.13466666142146;0.0643333295981089;2023
50;Bauchi;2;0.475999996066093;0.50399999320507;0.589000006516775;2023
51;Bauchi;3;1.21733333667119;1.21366667747498;-0.265333344539007;2023
52;Bauchi;4;-1.25633335113525;-0.955666691064835;-1.05399997035662;2023
53;Bauchi;5;0.326333329081535;-0.112666666507721;-0.118333329757055;2023
54;Bauchi;6;0.0393333286046982;-0.144999995827675;-0.0803333309789499;2023
55;Bauchi;7;-5.660666624705;-2.4553333123525;-2.54366668065389;2023
56;Bauchi;8;-3.29300002257029;-3.92733335494995;-3.35066668192546;2023
57;Bauchi;9;0.79899999499321;-3.20800002415975;-2.46433333555857;2023
58;Bauchi;10;1.32333336273829;-0.79133333498612;-2.11799999078115;2023
59;Bauchi;11;0.803000013033549;1.17566665013631;-2.32166663805644;2023
60;Bauchi;12;NA;1.32266668478648;-2.70666662851969;2023
61;Bayelsa;1;-0.497000008821487;-0.144999995827675;-1.13499999046326;2023
62;Bayelsa;2;-0.782000005245209;-0.398000001907349;-1.26499998569489;2023
63;Bayelsa;3;1.35399997234344;0.432000011205673;0.721000015735626;2023
64;Bayelsa;4;1.34599995613098;1.3860000371933;1.01600003242493;2023
65;Bayelsa;5;-0.331000000238419;0.935000002384186;0.685999989509583;2023
66;Bayelsa;6;1.18900001049042;1.14999997615814;1.19599997997284;2023
67;Bayelsa;7;-1.7059999704361;-0.633000016212463;0.0230000000447035;2023
68;Bayelsa;8;-1.83399999141693;-1.90600001811981;-1.25600004196167;2023
69;Bayelsa;9;-0.090999998152256;-2.80900001525879;-1.67400002479553;2023
70;Bayelsa;10;-0.252999991178513;-2.10700011253357;-1.92499995231628;2023
71;Bayelsa;11;0.155000001192093;-0.28999999165535;-1.71300005912781;2023
72;Bayelsa;12;-1.60300004482269;-0.441000014543533;-2.40199995040894;2023
73;Benue;1;-0.169666662812233;-1.37300000588099;-2.10400001207987;2023
74;Benue;2;-0.844666639963786;-1.37000000476837;-1.61600001653035;2023
75;Benue;3;-0.0386666605869929;-0.579666669170062;-1.35733332236608;2023
76;Benue;4;-1.35699999332428;-1.8103333512942;-2.15666667620341;2023
77;Benue;5;0.254666656255722;-0.449666659037272;-0.72433332602183;2023
78;Benue;6;1.72333335876465;1.00466664632161;0.782333334287008;2023
79;Benue;7;-0.670666674772898;0.629666671156883;0.179000020027161;2023
80;Benue;8;-1.67466668287913;-0.35833332935969;-0.717666685581207;2023
81;Benue;9;-0.282333344841997;-1.89533331493537;-0.867000003655752;2023
82;Benue;10;-1.10166662931442;-1.91466661294301;-0.719000001748403;2023
83;Benue;11;-0.119999997317791;-0.887666632731756;-0.798333317041397;2023
84;Benue;12;-0.283333326379458;-1.22233333190282;-2.05433332920074;2023
85;Borno;1;NA;0.032600000500679;1.39128569619996;2023
86;Borno;2;NA;0.0909999972209334;0.522000000945159;2023
87;Borno;3;0.827833334604899;0.731142861502511;-0.983571435723986;2023
88;Borno;4;-0.34899999600436;-0.339571423828602;-0.577571432505335;2023
89;Borno;5;-0.183428572756904;-0.363571436277458;-0.371285715273448;2023
90;Borno;6;1.77228570835931;1.25114284881524;1.24885714905603;2023
91;Borno;7;-1.13157143337386;0.104142853191921;0.0642857274838856;2023
92;Borno;8;0.151428572301354;0.217857135193689;0.0847142870937075;2023
93;Borno;9;0.286857140134089;-0.357428567750113;0.119428562266486;2023
94;Borno;10;-0.186285718211106;0.113714279873031;0.100428574585489;2023
95;Borno;11;1.50580004453659;0.129000004380941;0.171285704842636;2023
96;Borno;12;0.138249997980893;0.0585714280605316;-0.413142851420811;2023
97;Cross River;1;-0.408999994397163;-1.05499997735023;-1.75450003147125;2023
98;Cross River;2;-1.5689999461174;-2.34799993038177;-1.52799999713898;2023
99;Cross River;3;0.165999997407198;-0.57150000333786;-1.04399996995926;2023
100;Cross River;4;-1.18649998307228;-1.43950006365776;-1.86100006103516;2023
101;Cross River;5;-0.0790000017732382;-0.561000004410744;-1.02550002932549;2023
102;Cross River;6;1.35349994897842;0.615000009536743;0.286499999463558;2023
103;Cross River;7;-0.462500013411045;0.41100001335144;-0.00849999487400055;2023
104;Cross River;8;-1.83399999141693;-0.71849999204278;-1.05700001120567;2023
105;Cross River;9;-0.0890000052750111;-1.83400005102158;-1.06350001692772;2023
106;Cross River;10;-0.416500002145767;-1.96450006961823;-0.836999982595444;2023
107;Cross River;11;-0.0565000027418137;-0.407999992370605;-0.814000010490417;2023
108;Cross River;12;-0.345999993383884;-0.58050000667572;-1.66699993610382;2023
109;Delta;1;-0.710999973118305;0.0439999997615814;-1.45999997854233;2023
110;Delta;2;-1.10600000619888;-0.574500009417534;-1.50250002741814;2023
111;Delta;3;0.96450001001358;0.158999998122454;0.236000008881092;2023
112;Delta;4;0.608999997377396;0.683999985456467;0.625;2023
113;Delta;5;-0.563499987125397;0.372499987483025;0.141499999910593;2023
114;Delta;6;1.70899999141693;1.37200003862381;1.34700000286102;2023
115;Delta;7;-0.811000019311905;0.164000000804663;0.457500010728836;2023
116;Delta;8;-3.0754998922348;-0.82600000500679;-0.642499983310699;2023
117;Delta;9;0.105999998748302;-1.75700002908707;-0.843500018119812;2023
118;Delta;10;-0.168000002391636;-1.74250000715256;-1.03749999403954;2023
119;Delta;11;-0.28600000962615;-0.172499999403954;-0.881999999284744;2023
120;Delta;12;-0.790499970316887;-0.467999994754791;-1.82700002193451;2023
121;Ebonyi;1;-0.587749995291233;-0.999999985098839;-2.05750000476837;2023
122;Ebonyi;2;-1.4254999756813;-1.78949996829033;-1.89549997448921;2023
123;Ebonyi;3;0.362499998882413;-0.373750001192093;-0.986999973654747;2023
124;Ebonyi;4;-1.10149998962879;-1.07950002094731;-1.52550001442432;2023
125;Ebonyi;5;-0.131999998353422;-0.441750007681549;-0.836000010371208;2023
126;Ebonyi;6;1.45649996399879;0.642750009894371;0.39249999448657;2023
127;Ebonyi;7;0.0540000014007092;0.78625001013279;0.396000005304813;2023
128;Ebonyi;8;-1.83399999141693;-0.390749992802739;-0.671250000596046;2023
129;Ebonyi;9;0.0084999967366457;-1.35800003213808;-0.711750000715256;2023
130;Ebonyi;10;-0.325000002980232;-1.85875004529953;-0.527500003576279;2023
131;Ebonyi;11;-0.409249991178513;-0.346749998629093;-0.510750003159046;2023
132;Ebonyi;12;-0.539250005036592;-0.607500001788139;-1.30549996346235;2023
133;Edo;1;-0.498499974608421;-0.398500025272369;-1.82750004529953;2023
134;Edo;2;-0.854000002145767;-0.792500019073486;-2.31099998950958;2023
135;Edo;3;0.411999985575676;-0.152000002563;-1.07700002193451;2023
136;Edo;4;-0.575000021606684;-0.480000004172325;-0.624499988742173;2023
137;Edo;5;-0.84400001168251;-0.759499996900558;-0.96900001168251;2023
138;Edo;6;2.02349996566772;0.605999976396561;0.453000009059906;2023
139;Edo;7;0.966500014066696;1.34850001335144;0.925000011920929;2023
140;Edo;8;-1.02999997138977;0.422999992966652;0.00899999984540045;2023
141;Edo;9;-0.0849999971687794;-0.513499990105629;-0.096000000834465;2023
142;Edo;10;0.0540000051259995;-1.32549998164177;0.0675000008195639;2023
143;Edo;11;-0.476500019431114;-0.141000002622604;0.254000008106232;2023
144;Edo;12;-0.588500022888184;-0.303999990224838;-0.565500006079674;2023
145;Ekiti;1;0.310000002384186;-0.663999974727631;-0.187000006437302;2023
146;Ekiti;2;0.0769999995827675;-0.381000012159348;-0.689999997615814;2023
147;Ekiti;3;0.453999996185303;0.17399999499321;-0.564999997615814;2023
148;Ekiti;4;-0.0509999990463257;0.0670000016689301;-0.231000006198883;2023
149;Ekiti;5;-1.10699999332428;-0.524999976158142;-0.703000009059906;2023
150;Ekiti;6;1.38999998569489;0.372000008821487;0.354999989271164;2023
151;Ekiti;7;1.45500004291534;1.56700003147125;1.27499997615814;2023
152;Ekiti;8;0.282000005245209;1.37199997901917;1.10599994659424;2023
153;Ekiti;9;-0.837999999523163;0.725000023841858;0.875999987125397;2023
154;Ekiti;10;1.2059999704361;0.314000010490417;1.18900001049042;2023
155;Ekiti;11;0.577000021934509;0.379000008106232;1.39699995517731;2023
156;Ekiti;12;-0.66100001335144;0.879000008106232;0.944999992847443;2023
157;Enugu;1;-0.842000007629395;-1.33899998664856;-2.75399994850159;2023
158;Enugu;2;-0.730000019073486;-1.24300003051758;-2.54399991035461;2023
159;Enugu;3;0.368999987840652;-0.178000003099442;-1.48599994182587;2023
160;Enugu;4;-1.98199999332428;-1.41999995708466;-1.98599994182587;2023
161;Enugu;5;-0.0750000029802322;-0.665000021457672;-0.903999984264374;2023
162;Enugu;6;1.75399994850159;0.601999998092651;0.430999994277954;2023
163;Enugu;7;1.60300004482269;1.95700001716614;1.29900002479553;2023
164;Enugu;8;-1.83399999141693;0.71399998664856;0.27700001001358;2023
165;Enugu;9;0.277999997138977;-0.0160000007599592;0.291999995708466;2023
166;Enugu;10;-0.178000003099442;-1.35599994659424;0.515999972820282;2023
167;Enugu;11;-1.27199995517731;-0.168999999761581;0.474999994039536;2023
168;Enugu;12;-0.623000025749207;-0.694999992847443;-0.256000012159348;2023
169;Abuja;1;-0.0447499994188547;-1.54999998211861;-1.06149999052286;2023
170;Abuja;2;0.0959999989718199;-0.558249982073903;0.582250002771616;2023
171;Abuja;3;0.138500012457371;-0.0512500032782555;1.29549999535084;2023
172;Abuja;4;-0.383000001311302;-0.426500014960766;-0.731000013649464;2023
173;Abuja;5;0.409499995410442;-0.00700000138022006;-0.0874999994412065;2023
174;Abuja;6;2.00824999809265;1.08325000107288;1.02824997901917;2023
175;Abuja;7;1.06975002586842;2.12075006961823;1.61575001478195;2023
176;Abuja;8;0.994249973446131;2.20249998569489;1.80449998378754;2023
177;Abuja;9;-1.91374999284744;0.317000016570091;1.00299999862909;2023
178;Abuja;10;0.389250002801418;-0.148749999701977;1.30900001525879;2023
179;Abuja;11;1.32925000786781;-1.01574999094009;1.33149997889996;2023
180;Abuja;12;-0.0532499980181456;0.612999990582466;0.439000003039837;2023
181;Gombe;1;NA;0.114000000059605;0.382999986410141;2023
182;Gombe;2;NA;0.00999999977648258;0.945999979972839;2023
183;Gombe;3;-0.0750000029802322;-0.146999999880791;-4.5149998664856;2023
184;Gombe;4;-0.851000010967255;-1.05400002002716;-1.0440000295639;2023
185;Gombe;5;-0.209999993443489;-0.551999986171722;-0.568000018596649;2023
186;Gombe;6;0.76800000667572;0.126000002026558;0.0759999975562096;2023
187;Gombe;7;-7.48299980163574;-2.38199996948242;-2.58400011062622;2023
188;Gombe;8;-1.29700005054474;-2.28800010681152;-2.54900002479553;2023
189;Gombe;9;0.308999985456467;-2.63299989700317;-2.08500003814697;2023
190;Gombe;10;1.39400005340576;-0.388000011444092;-1.63499999046326;2023
191;Gombe;11;1.36099994182587;0.889999985694885;-1.50499999523163;2023
192;Gombe;12;0.200000002980232;1.43700003623962;-2.14800000190735;2023
193;Imo;1;-0.986499965190887;-0.418500006198883;-1.84399998188019;2023
194;Imo;2;-1.62349998950958;-1.00650000572205;-1.9990000128746;2023
195;Imo;3;0.962500005960464;0.0155000016093254;-0.0790000036358833;2023
196;Imo;4;0.233000010251999;0.36199998576194;0.0579999983310699;2023
197;Imo;5;-0.446999981999397;0.186499992385507;-0.159499999135733;2023
198;Imo;6;1.68299996852875;1.00250002741814;0.893999993801117;2023
199;Imo;7;-0.575500011444092;0.329999998211861;0.423500001430511;2023
200;Imo;8;-2.93099993467331;-0.896499991416931;-0.801499992609024;2023
201;Imo;9;0.0249999985098839;-1.8400000333786;-1.00999999046326;2023
202;Imo;10;-0.307500004768372;-2.07500004768372;-1.05849999189377;2023
203;Imo;11;-0.44700001180172;-0.355000004172325;-0.95550000667572;2023
204;Imo;12;-1.06199997663498;-0.629999995231628;-1.79799997806549;2023
205;Jigawa;1;NA;-0.165999993681908;0.944000025590261;2023
206;Jigawa;2;0.620000004768372;0.617999970912933;1.17699998617172;2023
207;Jigawa;3;4.74749994277954;3.73666667938232;1.14166665077209;2023
208;Jigawa;4;-0.980666637420654;0.675666660070419;0.685000022252401;2023
209;Jigawa;5;-0.120666665956378;0.0676666696866353;0.0726666698853175;2023
210;Jigawa;6;0.799333333969116;0.435333331425985;0.623333354791005;2023
211;Jigawa;7;-0.723333338896433;-0.109000007311503;-0.0396666824817657;2023
212;Jigawa;8;-1.80200004329284;-0.995333284139633;-0.858333379030228;2023
213;Jigawa;9;1.62533334891001;-0.289000016947587;-0.0616666575272878;2023
214;Jigawa;10;0.486666664481163;0.10833335109055;-0.0136666496594747;2023
215;Jigawa;11;1.98300004005432;1.52833334604899;0.042333314816157;2023
216;Jigawa;12;NA;0.602999985218048;-0.250000004967054;2023
217;Kaduna;1;-0.547000005841255;-1.14849999733269;-1.25225000083447;2023
218;Kaduna;2;0.0419999994337559;-0.889999993145466;0.727749988436699;2023
219;Kaduna;3;0.507750004529953;0.407749984413385;1.42725002765656;2023
220;Kaduna;4;-0.251499997451901;-0.198999993503094;-0.318750001490116;2023
221;Kaduna;5;0.438249994069338;0.136749998666346;0.0887499959208071;2023
222;Kaduna;6;1.80075000226498;0.869000002741814;0.876749977469444;2023
223;Kaduna;7;-0.653999984264374;0.672750011086464;0.436499989125878;2023
224;Kaduna;8;-0.497000016272068;0.192000003531575;0.192750006914139;2023
225;Kaduna;9;-1.25949997454882;-1.34650003910065;-0.338749997317791;2023
226;Kaduna;10;0.39775000885129;-0.825999995693564;-0.140999995172024;2023
227;Kaduna;11;1.66449996829033;-0.700500004924834;-0.220750018954277;2023
228;Kaduna;12;-0.286999985575676;0.509750008583069;-1.05399999767542;2023
229;Kano;1;-0.623000025749207;0.176999986171722;-0.295500010251999;2023
230;Kano;2;0.0714999996125698;-0.141000002622604;0.837999999523163;2023
231;Kano;3;2.37600004673004;2.48549997806549;1.01300001144409;2023
232;Kano;4;-0.834499970078468;1.0014999806881;1.00000002980232;2023
233;Kano;5;-0.207999996840954;0.266500003635883;0.257999993860722;2023
234;Kano;6;-0.080999992787838;-0.351999998092651;0.0424999967217445;2023
235;Kano;7;-0.125000014901161;-0.244999997317791;-0.0844999998807907;2023
236;Kano;8;-3.36150002479553;-1.84549999237061;-1.54750001430511;2023
237;Kano;9;1.77749997377396;-0.572500020265579;-0.599499985575676;2023
238;Kano;10;0.552500009536743;-0.548500008881092;-0.547999985516071;2023
239;Kano;11;2.98099994659424;1.66299998760223;-0.513999992981553;2023
240;Kano;12;-0.333000004291534;0.591000020503998;-0.528999987989664;2023
241;Katsina;1;NA;-0.241999998688698;0.535000011324883;2023
242;Katsina;2;0.160999994724989;-0.838000021874905;1.66850000619888;2023
243;Katsina;3;1.90049999952316;1.81299996376038;0.639999985694885;2023
244;Katsina;4;-0.137000001966953;0.726999998092651;0.712999999523163;2023
245;Katsina;5;-0.119499996304512;0.21399999409914;0.205000005662441;2023
246;Katsina;6;-0.0179999992251396;-0.204000003635883;0.0605000033974648;2023
247;Katsina;7;0.245500005781651;0.0370000004768372;0.168499998748302;2023
248;Katsina;8;-2.6414999961853;-1.36449998617172;-1.158999979496;2023
249;Katsina;9;2.97300004959106;0.484000012278557;0.321500006131828;2023
250;Katsina;10;0.478000000119209;0.53099999576807;0.390000008046627;2023
251;Katsina;11;2.58050000667572;2.58200001716614;0.461000010371208;2023
252;Katsina;12;NA;0.511500015854836;0.523000001907349;2023
253;Kebbi;1;-0.0803333322207133;-0.592333321614812;0.909333348274231;2023
254;Kebbi;2;NA;-0.320666650310159;1.3479999701182;2023
255;Kebbi;3;0.774999996026357;0.767333348592122;0.826000014940898;2023
256;Kebbi;4;-0.228333333817621;0.000333332767089208;-0.0426666662096977;2023
257;Kebbi;5;-0.629666666189829;-0.624999990065893;-0.626333326101303;2023
258;Kebbi;6;-0.183333334823449;-0.640666678547859;-0.603000005086263;2023
259;Kebbi;7;-0.525333335002263;-0.86999998986721;-0.914000029365222;2023
260;Kebbi;8;0.959666689236959;0.485666669905186;0.155333350102107;2023
261;Kebbi;9;0.105666667222977;0.503000010425846;0.105999996264776;2023
262;Kebbi;10;0.657666663328807;0.826666643222173;0.263000006477038;2023
263;Kebbi;11;1.52900004386902;0.334000009422501;0.478666650752227;2023
264;Kebbi;12;-0.294500008225441;0.712666670481364;0.601333340009054;2023
265;Kogi;1;-0.183999995390574;-1.65766668319702;-1.47833332916101;2023
266;Kogi;2;0.231333340207736;-0.37966666618983;-1.0456666747729;2023
267;Kogi;3;0.658333346247673;0.261999982098738;-0.476999998092651;2023
268;Kogi;4;-1.04400003204743;-0.647000014781952;-1.04133332769076;2023
269;Kogi;5;0.13400000333786;-0.281333337227503;-0.427333335081736;2023
270;Kogi;6;1.79866663614909;0.841000020503998;0.873000005880992;2023
271;Kogi;7;2.00000003973643;2.51633334159851;1.96533330281576;2023
272;Kogi;8;-0.245000004768372;1.66133332252502;1.45833335320155;2023
273;Kogi;9;-0.657333355396986;0.792666703462601;1.10499997933706;2023
274;Kogi;10;0.417000006884336;-0.278333365917206;1.37200001875559;2023
275;Kogi;11;0.53466667731603;-0.183666662623485;1.37066664298375;2023
276;Kogi;12;-0.16766665627559;0.349333316087723;0.773999987790982;2023
277;Kwara;1;-0.378000013530254;-1.26800000667572;1.26650002598763;2023
278;Kwara;2;0.779000014066696;0.0790000036358833;0.754000015556812;2023
279;Kwara;3;0.936499983072281;0.798500001430511;0.10700000077486;2023
280;Kwara;4;0.780500017106533;1.28149998188019;0.816999971866608;2023
281;Kwara;5;-0.628499984741211;0.264500007033348;0.198499999940395;2023
282;Kwara;6;0.658000006340444;0.310499984771013;0.542499989271164;2023
283;Kwara;7;2.46599996089935;1.6540000140667;1.88349997997284;2023
284;Kwara;8;1.37899994850159;2.40199995040894;2.20350003242493;2023
285;Kwara;9;-0.0974999964237213;2.37300002574921;1.90249997377396;2023
286;Kwara;10;0.688000010326505;1.21249997615814;1.87499994039536;2023
287;Kwara;11;0.959500014781952;0.550000011920929;2.25499993562698;2023
288;Kwara;12;0.363499999046326;0.680000003427267;2.33749997615814;2023
289;Lagos;1;0.662000000476837;1.23699998855591;0.73199999332428;2023
290;Lagos;2;-0.0700000002980232;-0.342999994754791;0.676999986171722;2023
291;Lagos;3;0.814999997615814;0.611999988555908;0.559000015258789;2023
292;Lagos;4;0.388999998569489;0.550000011920929;1.02499997615814;2023
293;Lagos;5;-0.219999998807907;0.319000005722046;0.101999998092651;2023
294;Lagos;6;1.22000002861023;0.966000020503998;1.09599995613098;2023
295;Lagos;7;0.162000000476837;0.625999987125397;0.737999975681305;2023
296;Lagos;8;0.150000005960464;0.633000016212463;0.689999997615814;2023
297;Lagos;9;0.44200000166893;0.197999998927116;0.637000024318695;2023
298;Lagos;10;1.27499997615814;0.810000002384186;0.938000023365021;2023
299;Lagos;11;1.02799999713898;1.54499995708466;1.125;2023
300;Lagos;12;-0.705999970436096;1.15799999237061;0.584999978542328;2023
301;Nasarawa;1;-0.269500013440847;-1.66750001907349;-1.64950001239777;2023
302;Nasarawa;2;-0.109999999403954;-1.0349999666214;0.0144999995827675;2023
303;Nasarawa;3;-0.324000000953674;-0.662000000476837;0.800999999046326;2023
304;Nasarawa;4;-1.03549998998642;-1.33150005340576;-1.67450004816055;2023
305;Nasarawa;5;0.892499983310699;-0.0950000011362135;-0.198500007390976;2023
306;Nasarawa;6;2.23249995708466;1.39450001716614;1.28549998998642;2023
307;Nasarawa;7;0.185000017285347;1.95600003004074;1.35049998760223;2023
308;Nasarawa;8;-0.323499999940395;0.92399999499321;0.861999988555908;2023
309;Nasarawa;9;-1.16299998760223;-0.874000012874603;0.282000010833144;2023
310;Nasarawa;10;0.409999996423721;-0.860500007867813;0.704999983310699;2023
311;Nasarawa;11;0.743999987840652;-0.701499998569489;0.438500002026558;2023
312;Nasarawa;12;0.0844999961555004;0.424499988555908;-0.698500007390976;2023
313;Niger;1;-0.0182000011205673;-1.10166664794087;0.207999995776585;2023
314;Niger;2;0.727142847010067;0.0882857101304191;0.941428576196943;2023
315;Niger;3;0.870857157877513;0.777428584439414;1.17071429320744;2023
316;Niger;4;0.121571430404271;0.42499999489103;0.242428569921425;2023
317;Niger;5;-0.228571431977408;-0.00742857158184052;-0.0272857145007168;2023
318;Niger;6;1.13957144107137;0.44128571663584;0.561857153262411;2023
319;Niger;7;2.06828568662916;1.77142862975597;1.60657142794558;2023
320;Niger;8;2.12199996198927;3.19242853777749;2.52728569507599;2023
321;Niger;9;-1.14228571525642;2.26471430063248;1.94114284855979;2023
322;Niger;10;0.383428573608398;1.18628571288926;2.11457146065576;2023
323;Niger;11;1.65399997574942;-0.432285701589925;2.4222857100623;2023
324;Niger;12;0.233571427209037;0.591999999114445;2.08700001239777;2023
325;Ogun;1;0.76800000667572;1.27199995517731;0.569000005722046;2023
326;Ogun;2;-0.638000011444092;-0.486999988555908;0.354999989271164;2023
327;Ogun;3;-0.209999993443489;-0.388999998569489;-0.194000005722046;2023
328;Ogun;4;0.363999992609024;-0.145999997854233;0.409999996423721;2023
329;Ogun;5;-1.31700003147125;-0.782000005245209;-1.00800001621246;2023
330;Ogun;6;1.21899998188019;0.379000008106232;0.0900000035762787;2023
331;Ogun;7;-0.0199999995529652;0.0979999974370003;-0.0419999994337559;2023
332;Ogun;8;-0.221000000834465;0.377999991178513;-0.0710000023245811;2023
333;Ogun;9;-0.680000007152557;-0.462999999523163;-0.216000005602837;2023
334;Ogun;10;1.67299997806549;0.266000002622604;0.19200000166893;2023
335;Ogun;11;0.778999984264374;0.934000015258789;0.652999997138977;2023
336;Ogun;12;-0.268999993801117;1.36000001430511;0.120999999344349;2023
337;Ondo;1;0.236857143895967;0.23328571660178;-0.345714292355946;2023
338;Ondo;2;-0.375285718057837;-0.411714279508617;-0.499714296843324;2023
339;Ondo;3;0.359857144100325;0.0115714275411197;-0.218857143606458;2023
340;Ondo;4;0.121571420558861;0.0208571404218674;0.16114286519587;2023
341;Ondo;5;-0.934142857789993;-0.404142860855375;-0.590571431177003;2023
342;Ondo;6;1.44828571592058;0.719714286071914;0.646714286080429;2023
343;Ondo;7;0.504571443689721;0.854714304208755;0.745285714843443;2023
344;Ondo;8;-0.525142846362931;0.614142839397703;0.387285709181534;2023
345;Ondo;9;-0.39842857846192;-0.156428568597351;0.216142843876566;2023
346;Ondo;10;0.935285707403507;-0.186714291572571;0.435714280498879;2023
347;Ondo;11;0.534857146441936;0.456000004495893;0.694285699299404;2023
348;Ondo;12;-0.284428574677025;0.7245714366436;0.0827142713325364;2023
349;Osun;1;0.472000002861023;0.319000005722046;0.625;2023
350;Osun;2;-0.287000000476837;-0.560999989509583;-0.0989999994635582;2023
351;Osun;3;0.435999989509583;0.061999998986721;-0.326999992132187;2023
352;Osun;4;0.372000008821487;0.244000002741814;0.270999997854233;2023
353;Osun;5;-2.05299997329712;-0.813000023365021;-1.07599997520447;2023
354;Osun;6;1.25999999046326;0.137999996542931;0.0780000016093254;2023
355;Osun;7;0.813000023365021;0.59799998998642;0.583999991416931;2023
356;Osun;8;0.630999982357025;1.15499997138977;0.763999998569489;2023
357;Osun;9;-0.976000010967255;0.439000010490417;0.41499999165535;2023
358;Osun;10;1.85399997234344;0.839999973773956;0.865000009536743;2023
359;Osun;11;0.814000010490417;0.904999971389771;1.29999995231628;2023
360;Osun;12;0.00899999961256981;1.59399998188019;0.898999989032745;2023
361;Oyo;1;-0.00149999558925629;-0.265000015497208;1.36949998140335;2023
362;Oyo;2;0.0764999985694885;-0.507500007748604;0.445000007748604;2023
363;Oyo;3;0.355499997735023;0.0230000019073486;-0.103500001132488;2023
364;Oyo;4;0.256500005722046;0.217999994754791;0.098999997600913;2023
365;Oyo;5;-1.50449997186661;-0.798500001430511;-1.04149997234344;2023
366;Oyo;6;1.18699997663498;0.129999991506338;0.0280000008642673;2023
367;Oyo;7;0.913000002503395;0.665499970316887;0.680500008165836;2023
368;Oyo;8;0.618499979376793;1.17299997806549;0.792499989271164;2023
369;Oyo;9;0.452999994158745;0.872999995946884;0.818999990820885;2023
370;Oyo;10;1.88050001859665;1.19249999523163;1.125;2023
371;Oyo;11;1.08700001239777;1.62250000238419;1.52950000762939;2023
372;Oyo;12;-0.503000006079674;1.66499996185303;1.25350001454353;2023
373;Plateau;1;-0.399333332975705;-0.59199998776118;-0.580999990304311;2023
374;Plateau;2;-0.0510000089804331;-0.56166668732961;0.369666675726573;2023
375;Plateau;3;-0.497000008821487;-0.766999982297421;0.393999993801117;2023
376;Plateau;4;-1.11233331759771;-1.7093332807223;-1.72366664807002;2023
377;Plateau;5;0.787333349386851;-0.146000001579523;-0.191000004609426;2023
378;Plateau;6;1.64866665999095;0.953666657209396;0.846000005801519;2023
379;Plateau;7;-6.50349998474121;-1.10166669636965;-1.48400002717972;2023
380;Plateau;8;-1.66133332252502;-2.03100001811981;-2.12666662534078;2023
381;Plateau;9;-1.25399999817212;-3.8956667582194;-2.40533336003621;2023
382;Plateau;10;0.919000009695689;-1.37799998124441;-1.72099995613098;2023
383;Plateau;11;0.117666659255822;-0.503333330154419;-1.91399995485942;2023
384;Plateau;12;-0.0253333250681559;0.851000001033147;-3.18466663360596;2023
385;Rivers;1;-0.734749987721443;-0.388000000268221;-1.59099999070168;2023
386;Rivers;2;-1.27725000679493;-0.819000005722046;-1.65099999308586;2023
387;Rivers;3;1.01199999451637;0.0750000029802322;0.14525000192225;2023
388;Rivers;4;0.703749999403954;0.687000005040318;0.315000008791685;2023
389;Rivers;5;-0.331499991938472;0.479749997146428;0.136749999597669;2023
390;Rivers;6;1.35299998521805;0.981000006198883;0.893999993801117;2023
391;Rivers;7;-1.02825000882149;-0.14299999922514;0.123500003945082;2023
392;Rivers;8;-2.38249996304512;-1.44675001502037;-1.10799999535084;2023
393;Rivers;9;-0.104000000283122;-2.39625000953674;-1.39700001478195;2023
394;Rivers;10;-0.260749999433756;-2.13850003480911;-1.48974999785423;2023
395;Rivers;11;-0.105000004172325;-0.356749996542931;-1.35975003242493;2023
396;Rivers;12;-1.21875;-0.495250001549721;-2.099249958992;2023
397;Sokoto;1;-0.308999985456467;0.288500003516674;1.048249989748;2023
398;Sokoto;2;-0.626749999821186;-0.195499993860722;0.79950001090765;2023
399;Sokoto;3;0.877000004053116;0.775999993085861;0.263499993830919;2023
400;Sokoto;4;-0.379749996587634;0.236500009894371;0.183999996632338;2023
401;Sokoto;5;0.363999994471669;0.30850000679493;0.297999998554587;2023
402;Sokoto;6;-0.094250001013279;-0.0377499982714653;-0.0217499956488609;2023
403;Sokoto;7;1.11999998986721;0.681000001728535;0.671750001609325;2023
404;Sokoto;8;-0.419499992858618;0.179749999195337;0.166750002652407;2023
405;Sokoto;9;0.709999993443489;0.573999989777803;0.476500000804663;2023
406;Sokoto;10;-0.0317500084638596;0.123749997466803;0.461500003933907;2023
407;Sokoto;11;0.882499992847443;0.608499996364117;0.440500002354383;2023
408;Sokoto;12;NA;-0.0189999919384718;0.534749999642372;2023
409;Taraba;1;-0.00399999916553497;0.1716000020504;0.829800008237362;2023
410;Taraba;2;-0.455799993872643;-0.450999995227903;1.10199999511242;2023
411;Taraba;3;0.625600008666515;0.410999995470047;-0.0757999956607819;2023
412;Taraba;4;-0.184200000762939;-0.00699999183416367;-0.0586000010371208;2023
413;Taraba;5;0.0349999956786633;0.0726000025868416;-0.0510000050067902;2023
414;Taraba;6;1.67280000448227;0.887199997901917;0.935800004005432;2023
415;Taraba;7;-3.10850003361702;-0.600199989974499;-0.54539999961853;2023
416;Taraba;8;-1.51039998531342;-1.45540000200272;-1.27380001842976;2023
417;Taraba;9;-0.032600000500679;-2.64559996128082;-1.41340000033379;2023
418;Taraba;10;-0.239799993485212;-1.48979998826981;-1.3524000287056;2023
419;Taraba;11;1.04940001219511;-0.164600003510714;-1.39300000667572;2023
420;Taraba;12;-0.0966000035405159;-0.113600006699562;-2.45880002975464;2023
421;Yobe;1;NA;NA;1.22550001740456;2023
422;Yobe;2;NA;NA;0.452999994158745;2023
423;Yobe;3;-1.06200003623962;-1.06200003623962;-0.0834999997168779;2023
424;Yobe;4;-0.465000003576279;-0.50900000333786;-0.523999989032745;2023
425;Yobe;5;0.170500002801418;-0.0865000002086163;-0.0885000005364418;2023
426;Yobe;6;1.0789999961853;0.828999996185303;0.824999988079071;2023
427;Yobe;7;-2.14499998092651;-0.620000015944242;-0.694000005722046;2023
428;Yobe;8;0.294500004500151;-0.275499984622002;-0.309000000357628;2023
429;Yobe;9;-0.00949999981094152;-0.76349999755621;-0.318000003695488;2023
430;Yobe;10;0.884499996900558;0.331999987363815;-0.160500019788742;2023
431;Yobe;11;NA;0.266999993706122;-0.149500012397766;2023
432;Yobe;12;NA;0.883000016212463;-0.61200001090765;2023
433;Zamfara;1;-0.810499995946884;-1.02549996972084;1.3459999859333;2023
434;Zamfara;2;-0.655000001192093;-0.996999979019165;1.5504999756813;2023
435;Zamfara;3;1.61599999666214;1.57300001382828;1.28099998831749;2023
436;Zamfara;4;0.174999997019768;0.540499985218048;0.501999989151955;2023
437;Zamfara;5;0.0305000096559525;0.231000004336238;0.218499999493361;2023
438;Zamfara;6;0.362500013783574;0.165500000119209;0.295500002801418;2023
439;Zamfara;7;0.469999991357327;0.424999989569187;0.454499997198582;2023
440;Zamfara;8;0.170999974012375;0.385000005364418;0.358999982476234;2023
441;Zamfara;9;1.95649999380112;1.52050000429153;1.47049999237061;2023
442;Zamfara;10;0.616500005125999;1.65299993753433;1.60000002384186;2023
443;Zamfara;11;3.72899985313416;1.90249997377396;1.58249998092651;2023
444;Zamfara;12;-1.11099994182587;0.77199998497963;1.57949995994568;2023
445;Abia;1;0.0020000000949949;-0.875999987125397;-2.43799996376038;2024
446;Abia;2;-1.83399999141693;-2.05599999427795;-0.90200001001358;2024
447;Abia;3;1.71399998664856;0.919000029563904;0.112999998033047;2024
448;Abia;4;1.66100001335144;2.00999999046326;1.22599995136261;2024
449;Abia;5;-1.51300001144409;0.751999974250793;0.218999996781349;2024
450;Abia;6;-1.78900003433228;-1.50100004673004;-0.935000002384186;2024
451;Abia;7;-1.09399998188019;-2.54800009727478;-1.28100001811981;2024
452;Abia;8;-1.81900000572205;-2.92499995231628;-2.04699993133545;2024
453;Abia;9;-1.39499998092651;-2.63499999046326;-3.22199988365173;2024
454;Abia;10;-2.22399997711182;-3.4210000038147;-3.96000003814697;2024
455;Abia;11;-1.83399999141693;-3.04500007629395;-3.83699989318848;2024
456;Abia;12;-0.842000007629395;-2.00399994850159;-2.85800004005432;2024
457;Adamawa;1;-0.958999991416931;1.52149999141693;-0.662999987602234;2024
458;Adamawa;2;-1.11099994182587;0.503499982412905;-0.344999998807907;2024
459;Adamawa;3;0.505999982357025;0.534500002861023;-0.101999998092651;2024
460;Adamawa;4;-0.539499998092651;-0.188999991863966;0.0504999905824661;2024
461;Adamawa;5;-1.3759999871254;-1.28949999809265;-1.30650001764297;2024
462;Adamawa;6;0.742500018328428;-0.551499999070074;-0.503500014543533;2024
463;Adamawa;7;0.180500000715256;-0.171500027179718;-0.256000012159348;2024
464;Adamawa;8;-0.828999988734722;-0.255499988794327;-0.723999999463558;2024
465;Adamawa;9;0.0124999992549419;-0.525500006973743;-0.740000009536743;2024
466;Adamawa;10;1.54049998521805;-0.0394999980926514;-0.22800001502037;2024
467;Adamawa;11;0.171999990940094;0.910500019788742;0.126000016927719;2024
468;Adamawa;12;0.830499976873398;1.45050001144409;-0.0939999967813492;2024
469;Akwa Ibom;1;-0.0470000021741726;-0.266749992966652;-2.07549998164177;2024
470;Akwa Ibom;2;-0.802666659156481;-1.51399999856949;-0.729999996721745;2024
471;Akwa Ibom;3;1.36699996888638;0.614250011742115;0.156249990686774;2024
472;Akwa Ibom;4;1.3342500180006;1.47024998813868;0.992500001564622;2024
473;Akwa Ibom;5;-1.11900000274181;0.617750000208616;0.101250005885959;2024
474;Akwa Ibom;6;-1.35425002872944;-1.00025001168251;-0.726249992847443;2024
475;Akwa Ibom;7;-0.752249985933304;-1.76075002551079;-0.905249997973442;2024
476;Akwa Ibom;8;-1.59200000762939;-2.09550002217293;-1.5067500025034;2024
477;Akwa Ibom;9;-1.20575001835823;-2.12650004029274;-2.46599999070168;2024
478;Akwa Ibom;10;-0.744999997317791;-2.27674999833107;-2.77149999141693;2024
479;Akwa Ibom;11;-2.87399999300639;-2.06750002503395;-2.76374998688698;2024
480;Akwa Ibom;12;-0.577249985188246;-1.34499999880791;-2.18925002217293;2024
481;Anambra;1;-0.0207499983371235;-1.54825003445148;-2.21774995326996;2024
482;Anambra;2;-1.54350003600121;-1.85299998521805;-0.786749988794327;2024
483;Anambra;3;1.05849999003112;0.361500007915311;-0.436000009998679;2024
484;Anambra;4;1.09025002131239;1.17549999855692;0.533499956130981;2024
485;Anambra;5;-1.63774999976158;0.135749980807304;-0.275499995797873;2024
486;Anambra;6;-3.82024997472763;-2.25625002384186;-1.91350002586842;2024
487;Anambra;7;-1.01000000536442;-3.17400008440018;-1.99150002002716;2024
488;Anambra;8;-2.25800001621246;-3.21724998950958;-2.78149992227554;2024
489;Anambra;9;-1.57174998521805;-2.76949995756149;-3.8014999628067;2024
490;Anambra;10;-2.78924995660782;-3.81250005960464;-4.7379999756813;2024
491;Anambra;11;-1.83374997973442;-3.48325002193451;-4.46925008296967;2024
492;Anambra;12;-0.842500001192093;-2.21000000834465;-3.15475004911423;2024
493;Bauchi;1;NA;0.719000031550725;-0.740333350996176;2024
494;Bauchi;2;0.827999979257584;0.614499986171722;1.18066668510437;2024
495;Bauchi;3;0.631333341201146;0.609000007311503;1.36233333746592;2024
496;Bauchi;4;-1.4166667064031;-1.56633333365122;-1.71499999364217;2024
497;Bauchi;5;1.06266665458679;0.38999999811252;0.387000001966953;2024
498;Bauchi;6;-3.77433331807454;-1.54900000492732;-1.55366669098536;2024
499;Bauchi;7;-0.435000002384186;-1.13699998458227;-1.35300000508626;2024
500;Bauchi;8;0.648666679859161;-0.898666640122732;-0.695666673282782;2024
501;Bauchi;9;-0.266999989748001;-0.0576666742563248;-0.740000004569689;2024
502;Bauchi;10;-1.26699999968211;-0.0379999876022339;-0.813333302736282;2024
503;Bauchi;11;0.435333336393038;-0.679333339134852;-1.13266665736834;2024
504;Bauchi;12;NA;-2.06833330790202;-0.344999993840853;2024
505;Bayelsa;1;0.358000010251999;-0.458999991416931;-2.30599999427795;2024
506;Bayelsa;2;-0.29899999499321;-1.06200003623962;-0.683000028133392;2024
507;Bayelsa;3;2.82699990272522;2.05200004577637;0.967000007629395;2024
508;Bayelsa;4;2.90000009536743;3.58699989318848;2.83200001716614;2024
509;Bayelsa;5;-1.58299994468689;2.02099990844727;1.57700002193451;2024
510;Bayelsa;6;-1.95899999141693;-0.546000003814697;0.675000011920929;2024
511;Bayelsa;7;-1.53900003433228;-3.04200005531311;-0.374000012874603;2024
512;Bayelsa;8;-1.75899994373322;-3.00799989700317;-1.21000003814697;2024
513;Bayelsa;9;-1.39600002765656;-2.85899996757507;-3.01900005340576;2024
514;Bayelsa;10;-1.30900001525879;-2.90700006484985;-4.2649998664856;2024
515;Bayelsa;11;-3.4909999370575;-2.71099996566772;-4.00699996948242;2024
516;Bayelsa;12;-1.66499996185303;-2.10800004005432;-3.16400003433228;2024
517;Benue;1;-0.169666662812233;-0.898000001907349;-2.15299999713898;2024
518;Benue;2;-0.844666639963786;NA;-1.09900001684825;2024
519;Benue;3;-0.701333334048589;-1.16000002622604;-1.84700000286102;2024
520;Benue;4;0.138666664560636;-0.782999972502391;-1.10766669114431;2024
521;Benue;5;-0.566333323717117;-0.692333340644836;-0.976333300272624;2024
522;Benue;6;-0.951999982198079;-1.02266669273376;-1.52199999491374;2024
523;Benue;7;0.311333333452543;-0.609666654840112;-0.933333327372869;2024
524;Benue;8;-1.59833335876465;-0.919333338737488;-1.58300000429153;2024
525;Benue;9;-0.468666662772497;-0.85099999109904;-1.58900000651677;2024
526;Benue;10;-0.617666666706403;-1.56766668955485;-1.55400003989538;2024
527;Benue;11;-0.915666659673055;-0.966000000635783;-1.34666663408279;2024
528;Benue;12;-0.168999996113901;-1.92733335494995;-1.31933333476384;2024
529;Borno;1;NA;0.739800006151199;0.129571439964431;2024
530;Borno;2;NA;0.63525001052767;0.15114285584007;2024
531;Borno;3;1.56599998474121;1.76842856407166;0.366142851965768;2024
532;Borno;4;-0.66985714754888;0.140999996236392;0.150285704327481;2024
533;Borno;5;-1.14199998549053;-1.0365714430809;-0.977857155459268;2024
534;Borno;6;1.84700003692082;1.08128573213305;1.16114287717002;2024
535;Borno;7;1.42099999104227;1.69585714595658;1.65099999734334;2024
536;Borno;8;1.29257141692298;2.07728572402682;1.7849999836513;2024
537;Borno;9;1.22271429055503;1.76371430499213;1.87700000831059;2024
538;Borno;10;1.65571429048266;1.8372857442924;2.08342858297484;2024
539;Borno;11;-0.409249991178513;1.61071430785315;2.23499999301774;2024
540;Borno;12;0.146749996580184;1.39600001062666;1.8857142840113;2024
541;Cross River;1;-0.338500000536442;-0.810000002384186;-2.10049998760223;2024
542;Cross River;2;-1.28199994564056;-2.35800004005432;-0.823500007390976;2024
543;Cross River;3;0.11599999666214;-0.618000015616417;-0.954999983310699;2024
544;Cross River;4;0.313500014133751;-0.330499991774559;-0.786499988287687;2024
545;Cross River;5;-1.17799997329712;-0.649999983608723;-1.18449997901917;2024
546;Cross River;6;-1.72350001335144;-1.67949998378754;-2.08799993991852;2024
547;Cross River;7;-0.0704999938607216;-1.26550000905991;-1.30000001192093;2024
548;Cross River;8;-1.71450001001358;-1.5275000333786;-1.94099998474121;2024
549;Cross River;9;-0.921500027179718;-1.42500001192093;-2.29200005531311;2024
550;Cross River;10;-0.918500021100044;-2.15099996328354;-2.29199993610382;2024
551;Cross River;11;-1.50100004673004;-1.77549999952316;-2.17349994182587;2024
552;Cross River;12;-0.257999993860722;-1.2674999833107;-1.6185000538826;2024
553;Delta;1;0.103999998420477;-0.873500019311905;-2.0504999756813;2024
554;Delta;2;-1.08500003814697;-1.71700000762939;-0.575499981641769;2024
555;Delta;3;0.718999981880188;0.127499997615814;-0.344499997794628;2024
556;Delta;4;1.90000003576279;1.73849999904633;1.3309999704361;2024
557;Delta;5;-1.44549998641014;0.767999976873398;0.301999993622303;2024
558;Delta;6;-2.875;-1.41250002384186;-1.29199999570847;2024
559;Delta;7;-1.62349998950958;-3.3950001001358;-1.93349999189377;2024
560;Delta;8;-1.9879999756813;-3.10799992084503;-2.25199997425079;2024
561;Delta;9;-1.41049998998642;-2.8474999666214;-3.27550005912781;2024
562;Delta;10;-1.93049997091293;-3.52850008010864;-4.66699993610382;2024
563;Delta;11;-1.53149998188019;-2.90600001811981;-4.48600006103516;2024
564;Delta;12;-0.839999973773956;-1.82749998569489;-3.44350004196167;2024
565;Ebonyi;1;-0.129749999439809;-1.07575000822544;-2.1122499704361;2024
566;Ebonyi;2;-1.53899999459585;-1.97966667016347;-0.760000005364418;2024
567;Ebonyi;3;0.616750001907349;-0.0782500003697351;-0.605249995365739;2024
568;Ebonyi;4;0.578250010497868;0.336750001704786;-0.242500012740493;2024
569;Ebonyi;5;-1.31374999880791;-0.293249998241663;-0.758249994367361;2024
570;Ebonyi;6;-2.25424998998642;-1.87775000929832;-1.9009999781847;2024
571;Ebonyi;7;-0.375749994069338;-1.86975005269051;-1.46700000762939;2024
572;Ebonyi;8;-1.76850000023842;-2.11975002288818;-2.17899996042252;2024
573;Ebonyi;9;-1.11700001358986;-1.87025001645088;-2.81225001811981;2024
574;Ebonyi;10;-1.71425000578165;-2.81174996495247;-3.10074996948242;2024
575;Ebonyi;11;-1.72300000985463;-2.4167500436306;-2.93574994802475;2024
576;Ebonyi;12;-0.495250005275011;-1.61699998378754;-2.11300006508827;2024
577;Edo;1;-0.192999996244907;-1.31750003993511;-1.49899998307228;2024
578;Edo;2;-1.56749999523163;-1.72399997711182;-0.632999986410141;2024
579;Edo;3;-0.672999981790781;-1.21999996900558;-1.05600002408028;2024
580;Edo;4;0.565500020980835;-0.187000007368624;-0.587999999523163;2024
581;Edo;5;-0.755999993532896;-0.378000000491738;-0.818499982357025;2024
582;Edo;6;-3.60449999570847;-1.73249998688698;-2.2509999871254;2024
583;Edo;7;-1.02049997448921;-2.58349996805191;-2.1965000629425;2024
584;Edo;8;-2.23100006580353;-2.84049999713898;-2.79549992084503;2024
585;Edo;9;-1.99899995326996;-2.78149998188019;-3.27849996089935;2024
586;Edo;10;-2.38249999284744;-3.49450016021729;-4.12900006771088;2024
587;Edo;11;-1.55949997901917;-3.46049988269806;-4.04300010204315;2024
588;Edo;12;-0.952499985694885;-2.0735000371933;-3.10950005054474;2024
589;Ekiti;1;0.228000000119209;-0.0829999968409538;0.25;2024
590;Ekiti;2;-1.56900000572205;-1.82299995422363;-0.185000002384186;2024
591;Ekiti;3;-1.25499999523163;-1.89699995517731;-0.188999995589256;2024
592;Ekiti;4;0.0549999997019768;-1.03100001811981;-1.10300004482269;2024
593;Ekiti;5;0.414000004529953;-0.279000014066696;-0.74099999666214;2024
594;Ekiti;6;-0.796000003814697;-0.340000003576279;-1.15299999713898;2024
595;Ekiti;7;-0.879999995231628;-1.06900000572205;-1.49699997901917;2024
596;Ekiti;8;-1.34700000286102;-1.55200004577637;-1.6710000038147;2024
597;Ekiti;9;-0.704999983310699;-1.62000000476837;-1.79799997806549;2024
598;Ekiti;10;0.481000006198883;-1.21599996089935;-1.48000001907349;2024
599;Ekiti;11;-1.21399998664856;-0.53600001335144;-1.6139999628067;2024
600;Ekiti;12;-0.967000007629395;0.034000001847744;-1.41700005531311;2024
601;Enugu;1;0.156000003218651;-1.807000041008;-1.80999994277954;2024
602;Enugu;2;-1.50100004673004;-1.52499997615814;-0.49099999666214;2024
603;Enugu;3;0.521000027656555;0.00400000018998981;-0.624000012874603;2024
604;Enugu;4;0.025000000372529;-0.0020000000949949;-0.623000025749207;2024
605;Enugu;5;-1.3860000371933;-0.625;-0.883000016212463;2024
606;Enugu;6;-3.78099989891052;-2.65100002288818;-2.49300003051758;2024
607;Enugu;7;-0.26800000667572;-2.40000009536743;-1.98699998855591;2024
608;Enugu;8;-1.82599997520447;-2.49900007247925;-2.78699994087219;2024
609;Enugu;9;-1.23000001907349;-1.99600005149841;-3.44300007820129;2024
610;Enugu;10;-2.7960000038147;-3.5239999294281;-3.85899996757507;2024
611;Enugu;11;-1.83399999141693;-3.07100009918213;-3.55900001525879;2024
612;Enugu;12;-0.623000025749207;-1.92900002002716;-2.35700011253357;2024
613;Abuja;1;0.272250002250075;1.02449998259544;-0.107499978505075;2024
614;Abuja;2;-0.230250008404255;-0.535749989561737;-1.16199998557568;2024
615;Abuja;3;0.187500001862645;-0.0304999984800816;0.532749995589256;2024
616;Abuja;4;-0.0345000009983778;-0.132499998435378;0.088500002399087;2024
617;Abuja;5;-1.0772500038147;-0.741750001907349;-0.818499997258186;2024
618;Abuja;6;-0.991249993443489;-1.17150002717972;-1.235749989748;2024
619;Abuja;7;-0.528000004589558;-1.7177500128746;-1.59575000405312;2024
620;Abuja;8;-0.866499990224838;-1.44274997711182;-1.77200001478195;2024
621;Abuja;9;-0.94650000333786;-1.55024996399879;-2.24400001764297;2024
622;Abuja;10;-0.242250001523644;-1.34950000047684;-2.32299995422363;2024
623;Abuja;11;-1.30599999427795;-1.06075000762939;-1.95000001788139;2024
624;Abuja;12;-0.0532499980181456;-0.426499998196959;-1.56074997782707;2024
625;Gombe;1;NA;0.697000026702881;-0.340000003576279;2024
626;Gombe;2;NA;0.00999999977648258;0.915000021457672;2024
627;Gombe;3;0.885999977588654;0.867999970912933;1.58700001239777;2024
628;Gombe;4;-1.21599996089935;-1.07799994945526;-0.995000004768372;2024
629;Gombe;5;-0.412000000476837;-0.736000001430511;-0.753000020980835;2024
630;Gombe;6;-3.58100008964539;-3.06900000572205;-2.94899988174438;2024
631;Gombe;7;-0.754000008106232;-2.02699995040894;-2.23499989509583;2024
632;Gombe;8;-0.629000008106232;-1.55599999427795;-1.88699996471405;2024
633;Gombe;9;-0.418000012636185;-0.929000020027161;-1.86099994182587;2024
634;Gombe;10;1.2059999704361;-0.370999991893768;-1.44400000572205;2024
635;Gombe;11;-0.430999994277954;0.254000008106232;-1.27300000190735;2024
636;Gombe;12;0.312999993562698;-0.293000012636185;-1.0349999666214;2024
637;Imo;1;0.0554999987361953;-1.1245000064373;-2.41199994087219;2024
638;Imo;2;-1.58600002527237;-2.06749999523163;-0.85699999332428;2024
639;Imo;3;1.8474999666214;1.06900000572205;0.112500000745058;2024
640;Imo;4;1.93700003623962;2.34049999713898;1.66449993848801;2024
641;Imo;5;-1.77649998664856;0.94049996137619;0.429499991238117;2024
642;Imo;6;-2.85500001907349;-1.72800004482269;-1.00500002503395;2024
643;Imo;7;-1.39300000667572;-3.30200016498566;-1.52799999713898;2024
644;Imo;8;-2.03450000286102;-3.28349995613098;-2.2114999294281;2024
645;Imo;9;-1.4539999961853;-2.8659999370575;-3.56149995326996;2024
646;Imo;10;-2.3659999370575;-3.59800004959106;-4.68149995803833;2024
647;Imo;11;-1.83349996805191;-3.2260000705719;-4.4465000629425;2024
648;Imo;12;-1.06199997663498;-2.08249998092651;-3.22200000286102;2024
649;Jigawa;1;NA;1.91299998760223;0.17799998819828;2024
650;Jigawa;2;0.739000022411346;0.751999974250793;1.61066667238871;2024
651;Jigawa;3;2.05049999803305;1.97233334183693;0.701666673024495;2024
652;Jigawa;4;-1.80599999427795;-0.980666692058245;-0.622000016116848;2024
653;Jigawa;5;1.84133330980937;1.41133332252502;1.42300001780192;2024
654;Jigawa;6;-1.18733334541321;0.295666674772898;0.304666658242544;2024
655;Jigawa;7;0.458666682243347;0.537666668494542;0.441000004609426;2024
656;Jigawa;8;1.8283333381017;1.12666665576398;1.38333333532015;2024
657;Jigawa;9;1.37266663213571;1.98566661278407;1.72166669865449;2024
658;Jigawa;10;0.874000002940496;2.17733333508174;1.84299996495247;2024
659;Jigawa;11;0.165000006556511;1.3376666456461;1.54866669823726;2024
660;Jigawa;12;NA;0.811999996503194;1.9963333706061;2024
661;Kaduna;1;-0.299333336452643;1.36975000798702;-0.801750000566244;2024
662;Kaduna;2;0.362250003963709;-0.217500001424924;-0.769250012002885;2024
663;Kaduna;3;0.404250003397465;0.319500010460615;0.495749995112419;2024
664;Kaduna;4;-0.103000001981854;-0.125749999657273;-0.00175000354647636;2024
665;Kaduna;5;-0.667499981820583;-0.518749989569187;-0.545999988913536;2024
666;Kaduna;6;-1.89474993944168;-1.30274999141693;-1.25949999690056;2024
667;Kaduna;7;-0.438249997794628;-1.4862499833107;-1.33199998736382;2024
668;Kaduna;8;-0.202499995008111;-1.113499969244;-1.25499999523163;2024
669;Kaduna;9;-0.684749998152256;-0.86599999666214;-1.58925002813339;2024
670;Kaduna;10;-0.836000002920628;-0.921000003814697;-1.83750003576279;2024
671;Kaduna;11;-0.576999973505735;-1.06300002336502;-1.6272499859333;2024
672;Kaduna;12;0.693333342671394;-0.885999977588654;-1.13049997389317;2024
673;Kano;1;-0.623000025749207;2.04500007629395;-0.842999994754791;2024
674;Kano;2;0.497999995946884;0.349999994039536;1.716000020504;2024
675;Kano;3;0.528999984264374;0.33500000089407;0.511500000953674;2024
676;Kano;4;-0.753000020980835;-0.88249996304512;-0.664499998092651;2024
677;Kano;5;1.67849999666214;1.15100002288818;1.14950001239777;2024
678;Kano;6;-1.00699996948242;0.207000017166138;0.192000016570091;2024
679;Kano;7;0.480499997735023;0.528000012040138;0.400500003248453;2024
680;Kano;8;1.51450002193451;0.987499967217445;1.14999997615814;2024
681;Kano;9;0.245500009506941;1.19099998474121;1.03049999475479;2024
682;Kano;10;0.962500020861626;1.29649996757507;1.18549999594688;2024
683;Kano;11;0.039000004529953;0.420499995350838;0.938499972224236;2024
684;Kano;12;7.20800018310547;1.32049998641014;1.31749996542931;2024
685;Katsina;1;NA;5.16800022125244;0.398999989032745;2024
686;Katsina;2;0.923000007867813;0.524500004947186;2.6324999332428;2024
687;Katsina;3;0.315999992191792;0.394500009715557;0.479499995708466;2024
688;Katsina;4;0.230500005185604;0.177999995648861;0.237000003457069;2024
689;Katsina;5;1.01150000095367;0.852500021457672;0.852500006556511;2024
690;Katsina;6;0.184499993920326;0.687500026077032;0.669999983161688;2024
691;Katsina;7;1.20400002598763;1.4200000166893;1.29050005972385;2024
692;Katsina;8;1.95649999380112;1.84500002861023;1.90750002861023;2024
693;Katsina;9;0.085499994456768;1.70450007915497;1.70400002598763;2024
694;Katsina;10;0.726000010967255;1.51850003004074;1.8115000128746;2024
695;Katsina;11;0.216499995440245;0.257000010460615;1.60250002145767;2024
696;Katsina;12;NA;2.11600005626678;2.1240000128746;2024
697;Kebbi;1;0.239333311716715;1.7059999803702;0.861333340406418;2024
698;Kebbi;2;NA;0.14066666426758;0.406999999036392;2024
699;Kebbi;3;-0.00900000333786011;-0.0689999957879384;0.788333336512248;2024
700;Kebbi;4;1.0463333328565;0.83733332157135;0.839333335558573;2024
701;Kebbi;5;-0.821666677792867;-0.340333327651024;-0.341000000635783;2024
702;Kebbi;6;-0.17966666072607;-0.360333340863387;-0.41933332880338;2024
703;Kebbi;7;0.890666653712591;-0.0306666617592176;0.11899999777476;2024
704;Kebbi;8;1.50533330440521;1.52133333683014;1.23066667715708;2024
705;Kebbi;9;0.574666673938433;1.62000000476837;1.30566666523616;2024
706;Kebbi;10;0.494999994834264;1.40066665410995;1.22933334112167;2024
707;Kebbi;11;0.309000000357628;0.604666670163473;1.45766669511795;2024
708;Kebbi;12;4.375;0.58449998497963;1.9190000295639;2024
709;Kogi;1;-0.0389999921123187;-0.130666653315226;-0.39466667175293;2024
710;Kogi;2;-0.844666639963786;-1.15099998315175;-0.430333321293195;2024
711;Kogi;3;-0.341666672378778;-0.728666673103968;-0.0456666648387909;2024
712;Kogi;4;-0.0656666643917561;-0.514333327611287;-0.526000003019969;2024
713;Kogi;5;-1.02100000778834;-0.833333333333333;-1.05433332920074;2024
714;Kogi;6;-1.64166665077209;-1.65166666110357;-2.003666639328;2024
715;Kogi;7;-0.643333335717519;-1.9160000483195;-1.91000000635783;2024
716;Kogi;8;-1.79433333873749;-1.96299997965495;-2.44100006421407;2024
717;Kogi;9;-0.632666672269503;-1.76699999968211;-2.57600005467733;2024
718;Kogi;10;-0.419666687647502;-1.65966664751371;-2.40266664822896;2024
719;Kogi;11;-0.976999998092651;-0.916666646798452;-2.11900003751119;2024
720;Kogi;12;-0.220666669309139;-0.344333330790202;-1.60866671800613;2024
721;Kwara;1;-0.203000016510487;0.372500002384186;1.1599999666214;2024
722;Kwara;2;-1.03899997472763;-1.22249999642372;0.336499994620681;2024
723;Kwara;3;-2.12650007009506;-3.63150000572205;-0.378499984741211;2024
724;Kwara;4;1.87800002098083;0.672500003129244;0.623000010848045;2024
725;Kwara;5;0.267000004649162;0.599500000476837;0.356000006198883;2024
726;Kwara;6;-1.13400000333786;0.355999998748302;-0.231500007212162;2024
727;Kwara;7;0.325500011444092;-0.275000005960464;-0.0439999997615814;2024
728;Kwara;8;-1.46849995851517;-1.06899999082088;-0.581000000238419;2024
729;Kwara;9;0.126000002026558;-0.527999997138977;-0.272499993443489;2024
730;Kwara;10;2.22599995136261;0.624999979045242;0.198000013828278;2024
731;Kwara;11;-0.156999999657273;1.62099999189377;0.176499962806702;2024
732;Kwara;12;0.290500000119209;1.91350001096725;0.546499997377396;2024
733;Lagos;1;0.123000003397465;0.287000000476837;0.721000015735626;2024
734;Lagos;2;-0.372999995946884;-0.966000020503998;0.961000025272369;2024
735;Lagos;3;-0.875;-1.09800004959106;0.347000002861023;2024
736;Lagos;4;0.300999999046326;-0.439999997615814;-0.342000007629395;2024
737;Lagos;5;1.18099999427795;0.679000020027161;0.28600001335144;2024
738;Lagos;6;0.433999985456467;1.14300000667572;0.611000001430511;2024
739;Lagos;7;-0.740000009536743;0.241999998688698;-0.0230000000447035;2024
740;Lagos;8;-0.626999974250793;-0.570999979972839;-0.244000002741814;2024
741;Lagos;9;-1.77300000190735;-1.63999998569489;-0.596000015735626;2024
742;Lagos;10;0.620000004768372;-1.2059999704361;-0.518999993801117;2024
743;Lagos;11;0.671999990940094;-0.788999974727631;-0.870999991893768;2024
744;Lagos;12;-1.28199994564056;0.388000011444092;-1.33700001239777;2024
745;Nasarawa;1;0.182000003755093;0.161500006914139;-0.990499973297119;2024
746;Nasarawa;2;-0.33950001001358;-1.03099998831749;-0.878999978303909;2024
747;Nasarawa;3;0.321000002324581;-0.0179999992251396;0.327499985694885;2024
748;Nasarawa;4;0.0109999999403954;-0.0635000001639128;-0.0894999988377094;2024
749;Nasarawa;5;-1.10350000858307;-0.645500004291534;-0.742500007152557;2024
750;Nasarawa;6;-0.939499974250793;-1.18900001049042;-1.29699999094009;2024
751;Nasarawa;7;-0.177000001072884;-1.41350001096725;-1.45950001478195;2024
752;Nasarawa;8;-0.472000002861023;-0.906499981880188;-1.52950000762939;2024
753;Nasarawa;9;-0.827499985694885;-1.06099998950958;-2.09750008583069;2024
754;Nasarawa;10;-0.559500008821487;-1.1695000231266;-2.12449997663498;2024
755;Nasarawa;11;-1.17150002717972;-1.125;-1.64199995994568;2024
756;Nasarawa;12;0.0844999961555004;-0.732499986886978;-1.28600001335144;2024
757;Niger;1;0.283666662871838;1.4889999968665;1.24928572827152;2024
758;Niger;2;-0.177999998841967;-0.139428574591875;-0.49457142448851;2024
759;Niger;3;-0.271285701010908;-0.487142858760698;0.397571435996464;2024
760;Niger;4;0.371857148196016;0.0620000032441957;0.297000003712518;2024
761;Niger;5;-0.766142857926232;-0.525428575596639;-0.587999995265688;2024
762;Niger;6;-0.615285719079631;-0.679285731698785;-0.810714281031064;2024
763;Niger;7;-0.491142860480717;-1.24842858314514;-1.08857142925262;2024
764;Niger;8;-0.73199998480933;-1.1070000231266;-1.22114284549441;2024
765;Niger;9;-0.0924285775316613;-0.843428569180625;-1.12557142121451;2024
766;Niger;10;0.705714294686913;-0.218000003269741;-0.947571413857596;2024
767;Niger;11;-0.640285700559616;0.263000007186617;-0.679714284837246;2024
768;Niger;12;1.11214284811701;0.641999999327319;-0.402285711839795;2024
769;Ogun;1;-0.0549999997019768;0.130999997258186;0.179000005125999;2024
770;Ogun;2;-1.83399999141693;-1.90499997138977;0.261000007390976;2024
771;Ogun;3;-1.29900002479553;-1.89100003242493;0.168999999761581;2024
772;Ogun;4;0.331000000238419;-0.760999977588654;-0.730000019073486;2024
773;Ogun;5;1.25800001621246;0.533999979496002;0.0579999983310699;2024
774;Ogun;6;-0.165000006556511;0.778999984264374;-0.0500000007450581;2024
775;Ogun;7;-0.986999988555908;-0.180999994277954;-0.574999988079071;2024
776;Ogun;8;-0.922999978065491;-1.08200001716614;-0.705999970436096;2024
777;Ogun;9;-2.03800010681152;-1.90100002288818;-1.0349999666214;2024
778;Ogun;10;0.0560000017285347;-1.77100002765656;-1.14100003242493;2024
779;Ogun;11;0.0399999991059303;-1.46800005435944;-1.58200001716614;2024
780;Ogun;12;-0.967000007629395;-0.264999985694885;-1.72300004959106;2024
781;Ondo;1;-0.00885714164802006;-0.063571426485266;-0.275571437818663;2024
782;Ondo;2;-1.21399998664856;-1.44614282676152;-0.00357142516544887;2024
783;Ondo;3;-0.991714279034308;-1.46028572320938;-0.151285718594279;2024
784;Ondo;4;0.577000012355191;-0.34771429002285;-0.404428575720106;2024
785;Ondo;5;0.304000004061631;0.174714277365378;-0.254142852766173;2024
786;Ondo;6;-0.984000012278557;-0.209714280707496;-0.904857118747064;2024
787;Ondo;7;-0.969142837183816;-1.16271428550993;-1.23257144008364;2024
788;Ondo;8;-1.30628572191511;-1.63899998153959;-1.44728572453771;2024
789;Ondo;9;-1.31957143545151;-1.9307142836707;-1.72742859380586;2024
790;Ondo;10;-0.35628572425672;-1.91800002540861;-2.00428571871349;2024
791;Ondo;11;-0.620999998812165;-1.42357142482485;-2.15599997554507;2024
792;Ondo;12;-0.704857137586389;-0.540428567710998;-1.93742861066546;2024
793;Osun;1;0.254999995231628;0.230000004172325;0.714999973773956;2024
794;Osun;2;-1.28199994564056;-1.23099994659424;0.317999988794327;2024
795;Osun;3;-1.66799998283386;-2.16300010681152;0.379000008106232;2024
796;Osun;4;0.660000026226044;-0.694999992847443;-0.637000024318695;2024
797;Osun;5;1.44500005245209;0.722000002861023;0.252000004053116;2024
798;Osun;6;-0.688000023365021;0.763999998569489;-0.136999994516373;2024
799;Osun;7;-0.769999980926514;-0.237000003457069;-0.601999998092651;2024
800;Osun;8;-1.24800002574921;-1.30400002002716;-0.845000028610229;2024
801;Osun;9;-1.37199997901917;-1.60399997234344;-0.926999986171722;2024
802;Osun;10;0.397000014781952;-1.30200004577637;-0.950999975204468;2024
803;Osun;11;0.317999988794327;-0.637000024318695;-1.35399997234344;2024
804;Osun;12;-0.623000025749207;0.136999994516373;-1.27999997138977;2024
805;Oyo;1;-0.109999999403954;0.123999997973442;1.05599999427795;2024
806;Oyo;2;-0.526999995112419;-1.10900002717972;1.07400000095367;2024
807;Oyo;3;-1.55750000476837;-2.12099999189377;0.418500006198883;2024
808;Oyo;4;1.82249993085861;0.41949999704957;0.302500009536743;2024
809;Oyo;5;1.11649996042252;1.28850001096725;0.799499988555908;2024
810;Oyo;6;-1.10200002789497;1.17950004339218;0.233500000089407;2024
811;Oyo;7;-0.377499990165234;-0.21000000461936;-0.0425000041723251;2024
812;Oyo;8;-1.07199996709824;-1.18000000715256;-0.480500012636185;2024
813;Oyo;9;-1.00600001215935;-1.1710000038147;-0.505999989807606;2024
814;Oyo;10;1.53150004148483;-0.366999998688698;-0.392500000074506;2024
815;Oyo;11;0.198500007390976;0.368499979376793;-0.716000020503998;2024
816;Oyo;12;-0.591499999165535;0.877499997615814;-0.686499979346991;2024
817;Plateau;1;-0.341000000635783;-0.398999998966853;-1.47599995136261;2024
818;Plateau;2;0.0803333322207133;-0.352666681011518;-0.584000001351039;2024
819;Plateau;3;-0.131333341201146;-0.226666665325562;0.742000018246472;2024
820;Plateau;4;-0.458666668583949;-0.703666667143504;-0.751999994119008;2024
821;Plateau;5;-0.981000006198883;-0.954999983310699;-0.999333341916402;2024
822;Plateau;6;-2.93233331044515;-2.48166664441427;-2.54066661993663;2024
823;Plateau;7;-0.600333333015442;-2.61600001653035;-2.55333336194356;2024
824;Plateau;8;-0.186333333452543;-1.49700001875559;-2.14199999968211;2024
825;Plateau;9;-0.432000001271566;-0.713333318630854;-2.14633337656657;2024
826;Plateau;10;-0.553666648765405;-0.589333315690359;-2.02900000413259;2024
827;Plateau;11;0.307999995847543;-0.655999998251597;-1.6109999815623;2024
828;Plateau;12;0.17533333102862;-0.972666660944621;-0.927333335081736;2024
829;Rivers;1;0.138250001647975;-0.762500002980232;-2.35974997282028;2024
830;Rivers;2;-0.971500009298325;-1.60449999570847;-0.80799999833107;2024
831;Rivers;3;2.14224994182587;1.3422500193119;0.43049999512732;2024
832;Rivers;4;2.28050005435944;2.72499996423721;1.98824998736382;2024
833;Rivers;5;-1.56674998998642;1.34099996089935;0.829750005155802;2024
834;Rivers;6;-2.26175001263618;-1.13125002384186;-0.301250010728836;2024
835;Rivers;7;-1.38275000452995;-2.9750000834465;-1.02850000560284;2024
836;Rivers;8;-1.90599998831749;-3.09074997901917;-1.77399998903275;2024
837;Rivers;9;-1.42550000548363;-2.87349998950958;-3.24674999713898;2024
838;Rivers;10;-1.7054999768734;-3.18025004863739;-4.26699995994568;2024
839;Rivers;11;-3.10049995779991;-2.89425003528595;-4.10000002384186;2024
840;Rivers;12;-1.26774996519089;-2.04750001430511;-3.14450001716614;2024
841;Sokoto;1;-0.232999995350838;0.711250007152557;0.167750012129545;2024
842;Sokoto;2;0.785499992780387;0.499750016257167;0.667999990284443;2024
843;Sokoto;3;0.116749994456768;0.169000003486872;-0.0122500061988831;2024
844;Sokoto;4;2.09774997830391;1.69775000214577;1.58274999260902;2024
845;Sokoto;5;-0.703250020742416;-0.0240000076591969;-0.0240000039339066;2024
846;Sokoto;6;0.382249981164932;0.201750002801418;0.188999999314547;2024
847;Sokoto;7;1.45774999260902;0.864250020124018;1.04824998229742;2024
848;Sokoto;8;0.711499996483326;1.36550000309944;1.24150003492832;2024
849;Sokoto;9;1.14749997854233;1.50525003671646;1.462999984622;2024
850;Sokoto;10;0.293999993707985;1.10050001740456;1.3629999756813;2024
851;Sokoto;11;0.519249990582466;1.09900001436472;1.50949996709824;2024
852;Sokoto;12;NA;1.3459999859333;1.6897499859333;2024
853;Taraba;1;-0.883799983561039;0.633600005507469;-1.4744000017643;2024
854;Taraba;2;-1.10739997625351;-0.760000000397364;-0.226599997282028;2024
855;Taraba;3;-1.83399999141693;-1.71349993348122;-0.764600011520088;2024
856;Taraba;4;-0.120799999125302;-1.12199999094009;-0.924599999189377;2024
857;Taraba;5;-1.91520001888275;-2.31560003757477;-2.50340001583099;2024
858;Taraba;6;-1.99279997348785;-2.65800001621246;-3.14020004272461;2024
859;Taraba;7;-0.305199992656708;-2.45239998102188;-2.64499998092651;2024
860;Taraba;8;-1.17339999675751;-1.60799998044968;-2.53540003299713;2024
861;Taraba;9;-0.597200000286102;-1.14399999380112;-2.48839993476868;2024
862;Taraba;10;1.30539999008179;-0.475600010156631;-1.78619997501373;2024
863;Taraba;11;0.209200006723404;0.403200002014637;-1.20140000581741;2024
864;Taraba;12;0.174600001424551;0.15359999537468;-0.997599989175797;2024
865;Yobe;1;NA;NA;0.405499994754791;2024
866;Yobe;2;NA;NA;0.361500017344952;2024
867;Yobe;3;4.3289999961853;4.17850005626678;1.12699997425079;2024
868;Yobe;4;-0.583999991416931;0.122499987483025;0.126499995589256;2024
869;Yobe;5;0.000999998301267624;-0.0645000003278255;-0.0249999985098839;2024
870;Yobe;6;1.03750002384186;0.792500021401793;0.861999969929457;2024
871;Yobe;7;0.402999997138977;0.746999975293875;0.730499979108572;2024
872;Yobe;8;0.373499989509583;0.765999972820282;0.677499979734421;2024
873;Yobe;9;1.37049999833107;0.969499990344048;1.04650002717972;2024
874;Yobe;10;1.07150003314018;1.17849999666214;1.17800000309944;2024
875;Yobe;11;NA;1.51599997282028;1.25299994647503;2024
876;Yobe;12;NA;0.437499985098839;0.986499980092049;2024
877;Zamfara;1;NA;NA;NA;2024
878;Zamfara;2;2.64299988746643;0.882500022649765;1.9475000500679;2024
879;Zamfara;3;0.649500012397766;0.685499995946884;0.898999989032745;2024
880;Zamfara;4;0.759499981999397;0.780999973416328;0.853499978780746;2024
881;Zamfara;5;-0.186500001698732;0.158500008285046;0.160999983549118;2024
882;Zamfara;6;-0.0619999915361404;-0.0139999985694885;0.0135000050067902;2024
883;Zamfara;7;0.498500019311905;0.222499988973141;0.316000007558614;2024
884;Zamfara;8;1.22450000047684;0.914499998092651;0.865000009536743;2024
885;Zamfara;9;0.659500002861023;1.22499999403954;1.13699999451637;2024
886;Zamfara;10;0.54449999332428;1.2684999704361;1.16599997878075;2024
887;Zamfara;11;-0.556000001728535;0.664000004529953;1.16949996352196;2024
888;Zamfara;12;NA;2.65199995040894;2.06800007820129;2024
889;Abia;1;-0.298000007867813;-4.02400016784668;-3.71499991416931;2025
890;Abia;2;-0.453000009059906;-1.65499997138977;-3.00600004196167;2025
891;Abia;3;-2.47000002861023;-2.66499996185303;-3.41899991035461;2025
892;Abia;4;-0.273999989032745;-1.94500005245209;-3.09400010108948;2025
893;Abia;5;-1.4889999628067;-2.1010000705719;-2.5239999294281;2025
894;Abia;6;-0.665000021457672;-1.41799998283386;-2.39400005340576;2025
895;Abia;7;-0.00700000021606684;-0.822000026702881;-1.44000005722046;2025
896;Abia;8;-1.83299994468689;-1.35000002384186;-2.42499995231628;2025
897;Abia;9;-0.550999999046326;-1.38999998569489;-2.125;2025
898;Abia;10;-1.14800000190735;-2.50300002098083;-2.11199998855591;2025
899;Abia;11;0.126000002026558;-1.11699998378754;-1.64699995517731;2025
900;Abia;12;1.14300000667572;-0.537000000476837;-1.33700001239777;2025
901;Adamawa;1;0.634999990463257;0.0134999975562096;-0.0844999998807907;2025
902;Adamawa;2;-1.11099994182587;0.529499981552362;0.808499991893768;2025
903;Adamawa;3;-0.289500005543232;-0.419999986886978;1.4254999756813;2025
904;Adamawa;4;-0.123499996960163;-0.227000001817942;-0.265000013168901;2025
905;Adamawa;5;-0.556499987840652;-0.640500009059906;-0.656000018119812;2025
906;Adamawa;6;-1.23849999904633;-1.33850002288818;-1.38400000333786;2025
907;Adamawa;7;2.13699996471405;0.882000014185905;0.72450003027916;2025
908;Adamawa;8;0.0880000023171306;0.827500015497208;0.53150000423193;2025
909;Adamawa;9;0.393500000238419;1.26349997520447;0.623500011861324;2025
910;Adamawa;10;0.616999983787537;0.347000002861023;0.75450000166893;2025
911;Adamawa;11;0.171999990940094;0.530000016093254;0.956000000238419;2025
912;Adamawa;12;0.809999980032444;0.583499982953072;1.3764999806881;2025
913;Akwa Ibom;1;0.262000000569969;-2.8420000821352;-2.66174992918968;2025
914;Akwa Ibom;2;-0.19624999910593;-0.805999990552664;-2.08175000548363;2025
915;Akwa Ibom;3;-1.32400002842769;-1.31674999091774;-2.03649996221066;2025
916;Akwa Ibom;4;-0.0584999993443489;-1.18500000238419;-2.13324999809265;2025
917;Akwa Ibom;5;-0.915749989449978;-1.33250002563;-1.57549998164177;2025
918;Akwa Ibom;6;-0.459750007838011;-0.873000003397465;-1.52650000154972;2025
919;Akwa Ibom;7;-0.168250000337139;-0.660500012338161;-1.08650001883507;2025
920;Akwa Ibom;8;-1.83374997973442;-1.514250010252;-2.20349997282028;2025
921;Akwa Ibom;9;-0.123249999247491;-1.41675001382828;-1.81849998235703;2025
922;Akwa Ibom;10;0.0694999992847443;-1.67724999785423;-1.56174999475479;2025
923;Akwa Ibom;11;-0.0377499992027879;-0.23624999448657;-1.29524998366833;2025
924;Akwa Ibom;12;1.15500001609325;0.229250002652407;-1.02549999952316;2025
925;Anambra;1;-0.150250002741814;-3.25424998998642;-3.8347499370575;2025
926;Anambra;2;-0.296000011265278;-1.19874998927116;-3.07649999856949;2025
927;Anambra;3;-2.11375001072884;-2.14074999094009;-3.20375001430511;2025
928;Anambra;4;-0.454000003635883;-1.66125002503395;-2.71499997377396;2025
929;Anambra;5;-1.84375;-2.16950005292892;-2.44550001621246;2025
930;Anambra;6;-1.210250005126;-2.08524996042252;-2.83850002288818;2025
931;Anambra;7;0.212499994551763;-1.20975002646446;-1.74600002169609;2025
932;Anambra;8;-2.23224997520447;-1.46950000524521;-2.68250000476837;2025
933;Anambra;9;-0.747250005602837;-1.47949999570847;-2.56874996423721;2025
934;Anambra;10;-1.63174998760223;-2.77150005102158;-2.67825001478195;2025
935;Anambra;11;-0.048999996855855;-1.6235000193119;-2.0757500231266;2025
936;Anambra;12;1.17575001716614;-1.05650000274181;-1.64474999904633;2025
937;Bauchi;1;NA;0.130666663249334;-0.0649999876817067;2025
938;Bauchi;2;0.440499991178513;0.52250000834465;-0.69233333816131;2025
939;Bauchi;3;-0.285999993483226;-0.367000006139278;-2.20500000317891;2025
940;Bauchi;4;-1.45566666126251;-1.73500001430511;-1.97033333778381;2025
941;Bauchi;5;0.681000014146169;-0.0356666669249535;-0.0403333328043421;2025
942;Bauchi;6;0.161333330596487;0.0653333316246669;0.0279999996225039;2025
943;Bauchi;7;-0.0736666669448217;0.185000004867713;-0.0759999997292956;2025
944;Bauchi;8;-2.24366668860118;-1.06833332777023;-0.973999977111816;2025
945;Bauchi;9;-0.277999997138977;-1.27066665887833;-0.973333338896433;2025
946;Bauchi;10;-0.517999991774559;-1.77433331807454;-0.974333306153615;2025
947;Bauchi;11;0.517333333690961;-0.493333324790001;-1.18899997075399;2025
948;Bauchi;12;NA;-0.525333342452844;-1.40533332029978;2025
949;Bayelsa;1;-0.386999994516373;-4.07499980926514;-3.73300004005432;2025
950;Bayelsa;2;0.172000005841255;-1.04700005054474;-2.97399997711182;2025
951;Bayelsa;3;-3.5220000743866;-2.4210000038147;-3.09500002861023;2025
952;Bayelsa;4;-0.307000011205673;-1.78900003433228;-3.01999998092651;2025
953;Bayelsa;5;-1.85399997234344;-2.58599996566772;-2.77099990844727;2025
954;Bayelsa;6;-0.158000007271767;-1.46200001239777;-2.39499998092651;2025
955;Bayelsa;7;-0.165999993681908;-1.04499995708466;-1.80299997329712;2025
956;Bayelsa;8;-1.83000004291534;-1.38499999046326;-2.95499992370605;2025
957;Bayelsa;9;-0.405000001192093;-1.54299998283386;-2.46700000762939;2025
958;Bayelsa;10;-0.254999995231628;-1.97399997711182;-2.16300010681152;2025
959;Bayelsa;11;-0.0540000014007092;-0.619000017642975;-1.51900005340576;2025
960;Bayelsa;12;0.96399998664856;-0.0379999987781048;-1.27499997615814;2025
961;Benue;1;0.426666667064031;-1.21433333555857;-2.26766665776571;2025
962;Benue;2;0.255333324273427;-0.449999988079071;-1.46766666571299;2025
963;Benue;3;-0.757999981443087;-1.13566666841507;-2.22366666793823;2025
964;Benue;4;0.0503333359956741;-0.708666662375132;-1.13533335924149;2025
965;Benue;5;-1.36033334334691;-1.22799998521805;-1.35599998633067;2025
966;Benue;6;-0.566999994218349;-1.21799999475479;-1.60599996646245;2025
967;Benue;7;-0.213999996582667;-1.21900003403425;-1.54700003564358;2025
968;Benue;8;-1.82299999396006;-1.4806666970253;-2.5686666170756;2025
969;Benue;9;-0.294666667779287;-1.49766667683919;-2.35133335987727;2025
970;Benue;10;-0.240666667620341;-1.70733340581258;-2.10900002717972;2025
971;Benue;11;-0.677000006039937;-0.621333344529072;-1.62700001398722;2025
972;Benue;12;1.13800001144409;-0.287000010410945;-1.4539999961853;2025
973;Borno;1;NA;0.032600000500679;1.78199997970036;2025
974;Borno;2;NA;0.0909999972209334;1.51871427893639;2025
975;Borno;3;0.0411666582028071;-0.0265714292015348;1.39142855576106;2025
976;Borno;4;-0.413428571607385;-0.574428571122033;-0.71771427989006;2025
977;Borno;5;-0.970142849854061;-1.2244285600526;-1.22385713883809;2025
978;Borno;6;1.34928572177887;0.778285712003708;0.764285730464118;2025
979;Borno;7;0.663857152136708;0.969714277556964;0.867857133703572;2025
980;Borno;8;1.41914286038705;1.61828569003514;1.37528570209231;2025
981;Borno;9;0.77014286177499;1.32242857558387;1.40299999713898;2025
982;Borno;10;0.591285706364683;1.39257141096251;1.42914284127099;2025
983;Borno;11;-0.409249991178513;0.777571426970618;1.54642856121063;2025
984;Borno;12;0.146749996580184;0.590857145759011;1.32085715021406;2025
985;Cross River;1;0.400999993085861;-2.07100003957748;-2.37399995326996;2025
986;Cross River;2;-0.265499994158745;-0.732500016689301;-1.71200001239777;2025
987;Cross River;3;-0.872999995946884;-1.17850002646446;-1.8474999666214;2025
988;Cross River;4;-0.251500003039837;-1.40149998664856;-2.19550001621246;2025
989;Cross River;5;-1.27150002121925;-1.53949999809265;-1.81299996376038;2025
990;Cross River;6;-0.561499983072281;-1.21350002288818;-1.84399992227554;2025
991;Cross River;7;0.130999993532896;-0.638999998569489;-1.06999996304512;2025
992;Cross River;8;-1.82349997758865;-1.15700000524521;-2.02649998664856;2025
993;Cross River;9;-0.197000002488494;-1.11150002479553;-1.74649995565414;2025
994;Cross River;10;-0.298000007867813;-1.66949999332428;-1.53049999475479;2025
995;Cross River;11;-0.296500002965331;-0.540500022470951;-1.22450000047684;2025
996;Cross River;12;1.2664999961853;-0.138999998569489;-0.955000013113022;2025
997;Delta;1;-0.311000004410744;-2.49849998950958;-3.8014999628067;2025
998;Delta;2;0.136500000953674;-0.960999995470047;-2.72650003433228;2025
999;Delta;3;-2.5265000462532;-2.02049994468689;-2.86700010299683;2025
1000;Delta;4;-0.179999999701977;-1.26800000667572;-2.40699994564056;2025
1001;Delta;5;-1.84549993276596;-2.23000001907349;-2.53949999809265;2025
1002;Delta;6;-0.900000005960464;-2.17349994182587;-3.0809999704361;2025
1003;Delta;7;0.187999993562698;-1.1710000038147;-1.78050005435944;2025
1004;Delta;8;-2.00700002908707;-1.23750001192093;-2.28749996423721;2025
1005;Delta;9;-0.638999998569489;-1.27899998426437;-2.23749995231628;2025
1006;Delta;10;-1.02200001478195;-2.44099998474121;-2.43050003051758;2025
1007;Delta;11;0.359500005841255;-1.13699999451637;-1.81100004911423;2025
1008;Delta;12;1.02449998259544;-0.409500010311604;-1.37549996376038;2025
1009;Ebonyi;1;0.192999996244907;-2.63975003361702;-2.97674995660782;2025
1010;Ebonyi;2;-0.416750006377697;-1.04899999499321;-2.21525001525879;2025
1011;Ebonyi;3;-1.3374999910593;-1.71500001847744;-2.41049998998642;2025
1012;Ebonyi;4;-0.337250005453825;-1.57950001955032;-2.46350002288818;2025
1013;Ebonyi;5;-1.46225000917912;-1.75400000810623;-2.04574996232986;2025
1014;Ebonyi;6;-0.724999994039536;-1.47474998235703;-2.16650000214577;2025
1015;Ebonyi;7;0.119499997934327;-0.841500014066696;-1.32399998605251;2025
1016;Ebonyi;8;-1.82824996113777;-1.27200001478195;-2.27375000715256;2025
1017;Ebonyi;9;-0.380750003270805;-1.24375000596046;-2.03374996781349;2025
1018;Ebonyi;10;-0.842250004410744;-2.11325001716614;-1.92625001072884;2025
1019;Ebonyi;11;-0.259249999187887;-0.963500011712313;-1.52499997615814;2025
1020;Ebonyi;12;1.2490000128746;-0.56199999153614;-1.22525002062321;2025
1021;Edo;1;-0.144000004976988;-2.44549995660782;-3.27950000762939;2025
1022;Edo;2;0.53949998319149;-0.24100000411272;-2.76399993896484;2025
1023;Edo;3;-0.411999970674515;-0.333500012755394;-2.0184999704361;2025
1024;Edo;4;-0.809500008821487;-0.733999982476234;-1.45949995517731;2025
1025;Edo;5;-1.93650007247925;-1.94800007343292;-1.88800007104874;2025
1026;Edo;6;-1.56449997425079;-2.53949999809265;-2.59150004386902;2025
1027;Edo;7;0.284499995410442;-1.36800003051758;-1.54150003194809;2025
1028;Edo;8;-2.01549994945526;-1.34399998188019;-2.33400005102158;2025
1029;Edo;9;-1.21399998664856;-1.4254999756813;-2.56299996376038;2025
1030;Edo;10;-1.55749997496605;-2.59400004148483;-2.68499994277954;2025
1031;Edo;11;0.292499992996454;-1.79150003194809;-2.0120000243187;2025
1032;Edo;12;1.21750003099442;-0.776000009849668;-1.49500000476837;2025
1033;Ekiti;1;-0.252999991178513;-2.00500011444092;-1.42400002479553;2025
1034;Ekiti;2;0.804000020027161;0.223000004887581;-0.319999992847443;2025
1035;Ekiti;3;0.624000012874603;0.643999993801117;0.483000010251999;2025
1036;Ekiti;4;-1.60099995136261;-0.368999987840652;-0.944999992847443;2025
1037;Ekiti;5;-2.26900005340576;-1.81200003623962;-1.61300003528595;2025
1038;Ekiti;6;-1.75499999523163;-3.24699997901917;-2.52600002288818;2025
1039;Ekiti;7;-0.0509999990463257;-2.20000004768372;-1.99100005626678;2025
1040;Ekiti;8;-1.63999998569489;-1.54100000858307;-2.5460000038147;2025
1041;Ekiti;9;-1.53299999237061;-1.54200005531311;-3.61500000953674;2025
1042;Ekiti;10;-0.361000001430511;-2.30900001525879;-2.89000010490417;2025
1043;Ekiti;11;0.108999997377396;-1.45500004291534;-2.01500010490417;2025
1044;Ekiti;12;1.09099996089935;0.00400000018998981;-1.36800003051758;2025
1045;Enugu;1;0.26800000667572;-2.39299988746643;-3.44400000572205;2025
1046;Enugu;2;-0.683000028133392;-1.07599997520447;-2.43099999427795;2025
1047;Enugu;3;-1.13399994373322;-1.83800005912781;-2.52800011634827;2025
1048;Enugu;4;-0.572000026702881;-1.57000005245209;-2.36899995803833;2025
1049;Enugu;5;-1.81700003147125;-1.83599996566772;-2.03299999237061;2025
1050;Enugu;6;-1.11199998855591;-2.05399990081787;-2.58400011062622;2025
1051;Enugu;7;0.223000004887581;-1.26600003242493;-1.71599996089935;2025
1052;Enugu;8;-1.83299994468689;-1.42400002479553;-2.61700010299683;2025
1053;Enugu;9;-0.578000009059906;-1.36199998855591;-2.51699995994568;2025
1054;Enugu;10;-1.625;-2.61100006103516;-2.53200006484985;2025
1055;Enugu;11;-0.569999992847443;-1.65600001811981;-2.00399994850159;2025
1056;Enugu;12;1.32000005245209;-1.43299996852875;-1.65400004386902;2025
1057;Abuja;1;-0.705500021576881;-1.70700001716614;-1.56549999117851;2025
1058;Abuja;2;2.13424995541573;1.130750015378;-0.919750019907951;2025
1059;Abuja;3;-0.184499999508262;0.489499985706061;-0.285500006750226;2025
1060;Abuja;4;-0.412250000983477;-0.142500005662441;-0.428749985992908;2025
1061;Abuja;5;-1.39675000309944;-1.25349999964237;-1.01624998450279;2025
1062;Abuja;6;-2.27300003170967;-2.18349999189377;-2.04850000143051;2025
1063;Abuja;7;-2.37800005078316;-4.03050005435944;-3.54524993896484;2025
1064;Abuja;8;-3.01824998855591;-4.49375009536743;-4.73550003767014;2025
1065;Abuja;9;-0.658250004053116;-3.66100007295609;-4.87849998474121;2025
1066;Abuja;10;-0.485000006854534;-2.53924998641014;-4.8510000705719;2025
1067;Abuja;11;0.111500024795532;-0.869749993085861;-4.28775000572205;2025
1068;Abuja;12;0.418750006705523;-0.505249999463558;-3.45300006866455;2025
1069;Gombe;1;NA;0.153999999165535;-0.829999983310699;2025
1070;Gombe;2;NA;0.0410000011324883;-0.474999994039536;2025
1071;Gombe;3;-1.11099994182587;-0.763999998569489;-0.458000004291534;2025
1072;Gombe;4;-0.582000017166138;-0.76800000667572;-0.740000009536743;2025
1073;Gombe;5;-0.0230000000447035;-0.310999989509583;-0.32600000500679;2025
1074;Gombe;6;-0.358000010251999;-0.572000026702881;-0.628000020980835;2025
1075;Gombe;7;2.35500001907349;1.25899994373322;1.08200001716614;2025
1076;Gombe;8;-0.723999977111816;0.492000013589859;0.328000009059906;2025
1077;Gombe;9;0.202999994158745;0.679000020027161;0.345999985933304;2025
1078;Gombe;10;0.908999979496002;-0.266999989748001;0.564000010490417;2025
1079;Gombe;11;-0.430999994277954;0.519999980926514;0.598999977111816;2025
1080;Gombe;12;0.312999993562698;0.906000018119812;0.824999988079071;2025
1081;Imo;1;-0.341000005602837;-3.83300006389618;-3.87449991703033;2025
1082;Imo;2;-0.344500005245209;-1.57749998569489;-3.19500005245209;2025
1083;Imo;3;-3.07300007343292;-2.81499993801117;-3.57550001144409;2025
1084;Imo;4;-0.251499995589256;-1.92050004005432;-3.21700000762939;2025
1085;Imo;5;-1.74999994039536;-2.30650007724762;-2.74349999427795;2025
1086;Imo;6;-0.910500019788742;-1.82799994945526;-2.86199998855591;2025
1087;Imo;7;0.143999993335456;-1.02500003576279;-1.67850005626678;2025
1088;Imo;8;-2.13650000095367;-1.38800001144409;-2.54549992084503;2025
1089;Imo;9;-0.627499997615814;-1.40549999475479;-2.32949995994568;2025
1090;Imo;10;-1.25150001049042;-2.60300004482269;-2.41750001907349;2025
1091;Imo;11;0.196000002324581;-1.25;-1.84250003099442;2025
1092;Imo;12;1.10299998521805;-0.59400001168251;-1.42949998378754;2025
1093;Jigawa;1;NA;0.0810000002384186;2.25999999046326;2025
1094;Jigawa;2;0;-0.142000004649162;1.39866665750742;2025
1095;Jigawa;3;-0.534499987959862;-0.587500005960464;0.787666658560435;2025
1096;Jigawa;4;-0.952499985694885;NA;-1.97899997234344;2025
1097;Jigawa;5;0.55433334906896;0.15766667194354;0.158333330027138;2025
1098;Jigawa;6;0.864999989668528;0.680999984343847;0.666000008583069;2025
1099;Jigawa;7;0.264666664103667;0.674333314100901;0.554666665693124;2025
1100;Jigawa;8;0.0346666822830836;0.448999981085459;0.431999981403351;2025
1101;Jigawa;9;0.121999991436799;0.157000015179316;0.383999993403753;2025
1102;Jigawa;10;-0.373666654030482;-0.0436666533350945;0.376999994119008;2025
1103;Jigawa;11;0.247999995946884;-0.00366667285561562;0.314999987681707;2025
1104;Jigawa;12;NA;-0.371000011761983;0.0780000040928523;2025
1105;Kaduna;1;-0.547000005841255;-1.14849999733269;-1.02825000882149;2025
1106;Kaduna;2;2.11574995517731;1.44324998557568;-0.936750009655952;2025
1107;Kaduna;3;0.0652500038268045;0.556749999523163;-0.819249995052814;2025
1108;Kaduna;4;-0.315999999642372;-0.20549999922514;-0.319500006735325;2025
1109;Kaduna;5;-0.438999999314547;-0.583749994635582;-0.44624999165535;2025
1110;Kaduna;6;-1.57750003039837;-1.17999997735023;-1.07500000298023;2025
1111;Kaduna;7;-1.70874999463558;-2.14825004339218;-1.8987499922514;2025
1112;Kaduna;8;-3.13024997711182;-3.42750000953674;-3.11675006151199;2025
1113;Kaduna;9;-0.41524999588728;-3.05750006437302;-3.22674995660782;2025
1114;Kaduna;10;-0.661750018596649;-2.47699999809265;-3.44574999809265;2025
1115;Kaduna;11;0.618750009685755;-0.71949999500066;-3.33974999189377;2025
1116;Kaduna;12;-0.286999985575676;-0.638999998569489;-3.10175001621246;2025
1117;Kano;1;-0.623000025749207;0.111000001430511;1.3415000140667;2025
1118;Kano;2;0.284000009298325;0.144000001251698;0.50449999794364;2025
1119;Kano;3;0.466499999165535;0.16300000436604;0.971499979496002;2025
1120;Kano;4;-0.40149998664856;-0.523000001907349;-0.531499981880188;2025
1121;Kano;5;0.44200000166893;0.147000003606081;0.141500003635883;2025
1122;Kano;6;0.682000011205673;0.493499994277954;0.468500003218651;2025
1123;Kano;7;0.229499997571111;0.516999997198582;0.401000011712313;2025
1124;Kano;8;-0.114500015974045;0.189500004053116;0.172499999403954;2025
1125;Kano;9;-0.0785000026226044;-0.0785000026226044;0.0910000056028366;2025
1126;Kano;10;-0.164000004529953;-0.266499988734722;0.0824999958276749;2025
1127;Kano;11;0.708499984815717;-0.194999992847443;0.0314999967813492;2025
1128;Kano;12;-1.28199994564056;-0.146500006318092;-0.144000008702278;2025
1129;Katsina;1;NA;-0.907999996095896;1.65199995040894;2025
1130;Katsina;2;1.13450003415346;0.972000058740377;0.490000002086163;2025
1131;Katsina;3;0.284500000998378;0.390499996137805;1.01899999380112;2025
1132;Katsina;4;0.0899999998509884;0.0665000006556511;0.0460000038146973;2025
1133;Katsina;5;0.085499994456768;0.065999997779727;0.0880000030156225;2025
1134;Katsina;6;0.865500003099442;0.54550002515316;0.546500004827976;2025
1135;Katsina;7;0.581000030040741;0.917499966919422;0.845999985933304;2025
1136;Katsina;8;0.0424999892711639;0.526499956846237;0.540499985218048;2025
1137;Katsina;9;0.650499999523163;0.505999982357025;0.662500023841858;2025
1138;Katsina;10;0.42399999126792;0.345499999821186;0.670999974012375;2025
1139;Katsina;11;2.81050002574921;0.595499992370605;0.671999990940094;2025
1140;Katsina;12;NA;0.476999998092651;0.511000007390976;2025
1141;Kebbi;1;-0.0453333258628845;0.443333327770233;1.40466666221619;2025
1142;Kebbi;2;NA;0.754666676744819;0.625666663050652;2025
1143;Kebbi;3;-0.074333334962527;-0.157666663328807;0.477999995152156;2025
1144;Kebbi;4;-0.342666665712992;-0.560333341360092;-0.603000000119209;2025
1145;Kebbi;5;-0.382999991377195;-0.596333329876264;-0.593999996781349;2025
1146;Kebbi;6;-1.26200000445048;-1.20266666014989;-1.25933331251144;2025
1147;Kebbi;7;0.621000011761983;-0.53999999165535;-0.668333321809769;2025
1148;Kebbi;8;-0.0199999908606211;-0.300666662553946;-0.538333334028721;2025
1149;Kebbi;9;0.545000011722247;0.399999996026357;-0.234333326419195;2025
1150;Kebbi;10;0.702666670084;0.324333324717979;-0.0506666724880536;2025
1151;Kebbi;11;1.64649993181229;0.663666665554047;0.119000007708867;2025
1152;Kebbi;12;-0.294500008225441;0.72733332713445;0.518333340684573;2025
1153;Kogi;1;-0.572333306074142;-1.67366667588552;-1.74566667278608;2025
1154;Kogi;2;0.766666650772095;0.172666658957799;-0.654000004132589;2025
1155;Kogi;3;-0.356333322823048;-0.211999997496605;-0.403666655222575;2025
1156;Kogi;4;-0.957999984423319;-0.907000025113424;-1.27699999014537;2025
1157;Kogi;5;-2.38500006993612;-2.19333330790202;-2.06700003147125;2025
1158;Kogi;6;-1.87666670481364;-3.04500007629395;-3.11600001653035;2025
1159;Kogi;7;-0.754666666189829;-2.85933335622152;-2.89100003242493;2025
1160;Kogi;8;-2.46533334255219;-2.56466666857402;-3.82766668001811;2025
1161;Kogi;9;-0.815000017484029;-2.30533333619436;-3.86433339118958;2025
1162;Kogi;10;-0.878666659196218;-2.42000003655752;-3.5;2025
1163;Kogi;11;-0.422000010808309;-1.324000030756;-2.80399998029073;2025
1164;Kogi;12;0.930666665236155;-0.897333314021428;-2.31166660785675;2025
1165;Kwara;1;-0.508000016212463;-0.824999988079071;0.357499994337559;2025
1166;Kwara;2;-0.45350000448525;-1.17949998378754;1.32950001955032;2025
1167;Kwara;3;-0.701499998569489;-1.05000001192093;1.51950004696846;2025
1168;Kwara;4;0.283000022172928;-0.388999998569489;-0.565500013530254;2025
1169;Kwara;5;-2.16399997472763;-1.55899997055531;-1.58000004291534;2025
1170;Kwara;6;-0.78150001168251;-1.52049997448921;-1.7854999601841;2025
1171;Kwara;7;1.04199996311218;-0.657000005245209;-0.792000010609627;2025
1172;Kwara;8;-0.605500005185604;-0.0670000016689301;-0.945000037550926;2025
1173;Kwara;9;-0.0839999914169312;0.26800000667572;-0.839499980211258;2025
1174;Kwara;10;0.430500000715256;-0.284500032663345;-0.64750000834465;2025
1175;Kwara;11;0.0805000029504299;0.140000000596046;-0.0345000028610229;2025
1176;Kwara;12;0.650499984622002;0.388000011444092;0.372999966144562;2025
1177;Lagos;1;0.187999993562698;-0.0640000030398369;-1.14800000190735;2025
1178;Lagos;2;1.86699998378754;0.989000022411346;-0.238999992609024;2025
1179;Lagos;3;0.782999992370605;1.40600001811981;1.12199997901917;2025
1180;Lagos;4;0.456000000238419;1.29799997806549;1.11099994182587;2025
1181;Lagos;5;-1.14300000667572;-0.256999999284744;0.148000001907349;2025
1182;Lagos;6;-1.16700005531311;-1.52499997615814;-0.577000021934509;2025
1183;Lagos;7;-1.54299998283386;-2.43700003623962;-1.23399996757507;2025
1184;Lagos;8;0.623000025749207;-1.19900000095367;-1.27600002288818;2025
1185;Lagos;9;-0.0280000008642673;-0.640999972820282;-1.44799995422363;2025
1186;Lagos;10;0.896000027656555;0.675999999046326;-1.35000002384186;2025
1187;Lagos;11;0.930999994277954;0.824999988079071;-0.720000028610229;2025
1188;Lagos;12;1.47699999809265;1.56900000572205;0.0480000004172325;2025
1189;Nasarawa;1;0.170999996364117;-1.471499979496;-1.42049998044968;2025
1190;Nasarawa;2;1.08249998092651;0.316500000655651;-1.14750003814697;2025
1191;Nasarawa;3;-0.344999995082617;-0.124499999918044;-0.865000009536743;2025
1192;Nasarawa;4;-0.596499994397163;-0.654000014066696;-0.957499980926514;2025
1193;Nasarawa;5;-1.22349998354912;-1.27400001883507;-1.18549999594688;2025
1194;Nasarawa;6;-2.14199995994568;-2.20900005102158;-2.34949994087219;2025
1195;Nasarawa;7;-2.18400007486343;-3.82200014591217;-4.00949990749359;2025
1196;Nasarawa;8;-2.40549993515015;-3.73850011825562;-4.94949984550476;2025
1197;Nasarawa;9;-1.44499999284744;-3.86100006103516;-5.71499991416931;2025
1198;Nasarawa;10;-0.396500006318092;-2.70550000667572;-5.17650008201599;2025
1199;Nasarawa;11;-0.943499982357025;-1.53049999475479;-4.49149990081787;2025
1200;Nasarawa;12;0.392499998211861;-0.617000013589859;-3.80700016021729;2025
1201;Niger;1;-0.55880001783371;-1.01679999679327;-0.310285715120179;2025
1202;Niger;2;1.40114283987454;0.926571436758552;0.370428579194205;2025
1203;Niger;3;-0.32599999755621;-0.192428580352238;0.743857148502554;2025
1204;Niger;4;0.207285712073956;0.0988571452242988;-0.0455714251313891;2025
1205;Niger;5;-1.50914284161159;-1.05642858147621;-0.954857132264546;2025
1206;Niger;6;-1.17628571816853;-1.39071428775787;-1.41300001314708;2025
1207;Niger;7;-1.13214287587575;-2.37542856165341;-1.94499996730259;2025
1208;Niger;8;-2.04714283772877;-2.65414286830596;-2.73142860191209;2025
1209;Niger;9;0.648714279489858;-1.45200000490461;-2.0865714373067;2025
1210;Niger;10;-0.133000005568777;-0.989714277642114;-2.27942862893854;2025
1211;Niger;11;1.15657144784927;0.39285714498588;-1.7538571698325;2025
1212;Niger;12;0.580285719462803;-0.0177142848925931;-1.27500001021794;2025
1213;Ogun;1;-0.181999996304512;-0.71399998664856;-1.72200000286102;2025
1214;Ogun;2;1.32200002670288;0.547999978065491;-1.0440000295639;2025
1215;Ogun;3;0.762000024318695;1.01400005817413;0.514999985694885;2025
1216;Ogun;4;-0.612999975681305;0.44200000166893;0.0970000028610229;2025
1217;Ogun;5;-1.60099995136261;-1.01199996471405;-0.805000007152557;2025
1218;Ogun;6;-1.81900000572205;-2.88700008392334;-1.93900001049042;2025
1219;Ogun;7;-0.595000028610229;-2.3970000743866;-1.63800001144409;2025
1220;Ogun;8;-0.527999997138977;-1.4099999666214;-1.85300004482269;2025
1221;Ogun;9;-1.03900003433228;-1.10899996757507;-2.50600004196167;2025
1222;Ogun;10;0.545000016689301;-0.757000029087067;-2.13100004196167;2025
1223;Ogun;11;0.846000015735626;-0.11599999666214;-1.30400002002716;2025
1224;Ogun;12;1.47500002384186;1.29499995708466;-0.409999996423721;2025
1225;Ondo;1;-0.209714282836233;-1.25700001205717;-1.96414288452693;2025
1226;Ondo;2;1.02257143599646;0.274428571973528;-1.07542858166354;2025
1227;Ondo;3;0.221285727407251;0.413714289665222;-0.197714298963547;2025
1228;Ondo;4;-0.782428560512407;-0.130857141954558;-0.590285701411111;2025
1229;Ondo;5;-1.87514286381858;-1.57585712841579;-1.43057143262454;2025
1230;Ondo;6;-1.43114286661148;-2.74214288166591;-2.35542860201427;2025
1231;Ondo;7;-0.170714293207441;-1.87342858314514;-1.69142859322684;2025
1232;Ondo;8;-1.27114283612796;-1.35042858975274;-2.09899999414171;2025
1233;Ondo;9;-0.981571438057082;-1.25585714195456;-2.56599999325616;2025
1234;Ondo;10;-0.259714282516922;-1.61700000401054;-2.28714288132531;2025
1235;Ondo;11;0.410285711288452;-0.819571443966457;-1.59214285654681;2025
1236;Ondo;12;1.22914286170687;0.295857140461781;-0.990857128586088;2025
1237;Osun;1;-0.0740000009536743;-0.300999999046326;-1.27199995517731;2025
1238;Osun;2;0.99099999666214;0.300000011920929;-0.490000009536743;2025
1239;Osun;3;0.546000003814697;0.640999972820282;0.531000018119812;2025
1240;Osun;4;-1.182000041008;-0.0750000029802322;-0.310999989509583;2025
1241;Osun;5;-2.26999998092651;-1.75199997425079;-1.56400001049042;2025
1242;Osun;6;-1.65600001811981;-3.41000008583069;-2.63100004196167;2025
1243;Osun;7;-0.24600000679493;-2.4210000038147;-2.04699993133545;2025
1244;Osun;8;-0.890999972820282;-1.35300004482269;-2.2409999370575;2025
1245;Osun;9;-1.25600004196167;-1.08700001239777;-2.76600003242493;2025
1246;Osun;10;0.0540000014007092;-1.24399995803833;-2.28299999237061;2025
1247;Osun;11;0.483000010251999;-0.762000024318695;-1.44400000572205;2025
1248;Osun;12;1.38900005817413;0.711000025272369;-0.648999989032745;2025
1249;Oyo;1;-0.225999996066093;-0.66550001502037;-0.651999972760677;2025
1250;Oyo;2;0.713999982923269;-0.0594999939203262;0.0809999853372574;2025
1251;Oyo;3;0.435999989509583;0.370000012218952;1.03250002861023;2025
1252;Oyo;4;0.510999992489815;0.739499971270561;0.431000012904406;2025
1253;Oyo;5;-1.432000041008;-0.503000006079674;-0.514499999582767;2025
1254;Oyo;6;-0.872499972581863;-1.38849997520447;-0.999000012874603;2025
1255;Oyo;7;-0.217000007629395;-1.36599996685982;-0.785500019788742;2025
1256;Oyo;8;0.396500006318092;-0.276500001549721;-0.55750001873821;2025
1257;Oyo;9;0.0134999975562096;0.056999996304512;-0.623500011861324;2025
1258;Oyo;10;0.383000001311302;0.292500004172325;-0.556000016629696;2025
1259;Oyo;11;0.204500019550323;0.177999999374151;-0.169999986886978;2025
1260;Oyo;12;1.06850001215935;0.674500025808811;0.205500004813075;2025
1261;Plateau;1;-0.399000003933907;-0.4396666487058;-0.770333349704742;2025
1262;Plateau;2;0.0663333237171173;-0.33700001736482;-0.902666687965393;2025
1263;Plateau;3;0.0209999990959962;-0.0193333340187867;-1.22766669591268;2025
1264;Plateau;4;-0.435333336393038;-0.636333336432775;-0.691666682561239;2025
1265;Plateau;5;0.391000014108916;-0.0779999991257985;-0.116666665921609;2025
1266;Plateau;6;-0.305999996761481;-0.284666676074266;-0.347333324452241;2025
1267;Plateau;7;-0.140999992688497;-0.27100000778834;-0.509333332379659;2025
1268;Plateau;8;-2.43366662661235;-1.68500000238419;-1.77733335892359;2025
1269;Plateau;9;-0.35266667107741;-1.67066673437754;-1.81966666380564;2025
1270;Plateau;10;-0.354666662712892;-1.98733333746592;-1.64933331807454;2025
1271;Plateau;11;0.385333334406217;-0.525333335002263;-1.67766672372818;2025
1272;Plateau;12;0.492000003655752;-0.418333326776822;-1.67833332220713;2025
1273;Rivers;1;-0.272000001277775;-3.93250000476837;-3.69899994134903;2025
1274;Rivers;2;-0.166999999433756;-1.33349999785423;-2.98849999904633;2025
1275;Rivers;3;-2.96350008249283;-2.48024997115135;-3.23675000667572;2025
1276;Rivers;4;-0.24550000205636;-1.82175001502037;-3.05874997377396;2025
1277;Rivers;5;-1.62999996542931;-2.28175002336502;-2.60974997282028;2025
1278;Rivers;6;-0.537250012159348;-1.49999998509884;-2.4697499871254;2025
1279;Rivers;7;-0.0830000007990748;-0.978500008583069;-1.65125003457069;2025
1280;Rivers;8;-1.98425000905991;-1.47699999809265;-2.71324992179871;2025
1281;Rivers;9;-0.465500000864267;-1.53949999809265;-2.34324997663498;2025
1282;Rivers;10;-0.658250004053116;-2.26350000500679;-2.2140000462532;2025
1283;Rivers;11;0.0455000000074506;-0.853250004351139;-1.67675003409386;2025
1284;Rivers;12;1.01274998486042;-0.273750006221235;-1.36699998378754;2025
1285;Sokoto;1;-0.232999995350838;0.364999994635582;1.1630000025034;2025
1286;Sokoto;2;-0.626749999821186;-0.154249988496304;1.14549998193979;2025
1287;Sokoto;3;0.0297499967273325;-0.0727499946951866;0.399250000249594;2025
1288;Sokoto;4;-0.330999996513128;-0.468750010244548;-0.415749988518655;2025
1289;Sokoto;5;-0.28800000436604;-0.544749993830919;-0.552749991416931;2025
1290;Sokoto;6;-0.0244999974966049;-0.274500004947186;-0.309000004082918;2025
1291;Sokoto;7;0.24499998614192;-0.0485000163316727;-0.0844999849796295;2025
1292;Sokoto;8;0.566500008106232;0.470000009983778;0.307000016095117;2025
1293;Sokoto;9;0.651750005781651;0.705750005319715;0.501749992370605;2025
1294;Sokoto;10;1.15874999761581;0.850000012665987;0.652750011533499;2025
1295;Sokoto;11;0.569249995052814;0.862250000238419;0.747250011190772;2025
1296;Sokoto;12;NA;1.14724999666214;0.838750012218952;2025
1297;Taraba;1;0.0414000034332275;-1.0013999870047;-1.19419999718666;2025
1298;Taraba;2;0.331999999284744;-0.179200008139014;-0.408399996161461;2025
1299;Taraba;3;-0.0455999985337257;-0.129000002145767;0.0452000334858894;2025
1300;Taraba;4;0.416799999773502;0.115800002962351;-0.100199998915195;2025
1301;Taraba;5;0.050399998575449;0.0846000023186207;0.00079999715089798;2025
1302;Taraba;6;0.243599998950958;0.209000000357628;0.0973999992012978;2025
1303;Taraba;7;1.87879996299744;1.59280002117157;1.43199999332428;2025
1304;Taraba;8;-0.666200000047684;0.956600001454353;0.819399999082088;2025
1305;Taraba;9;0.140400002896786;0.858400021493435;0.871600007265806;2025
1306;Taraba;10;0.485800004005432;-0.221000000461936;0.88579998165369;2025
1307;Taraba;11;0.41879999935627;0.324200004339218;0.983400003612041;2025
1308;Taraba;12;0.579399994015694;0.477999997138977;0.941400003433227;2025
1309;Yobe;1;NA;NA;1.10999998450279;2025
1310;Yobe;2;NA;NA;1.3520000576973;2025
1311;Yobe;3;-0.49600000679493;-0.46950002014637;0.459500014781952;2025
1312;Yobe;4;-0.360000014305115;-0.370999991893768;-0.388000011444092;2025
1313;Yobe;5;-0.209000000730157;-0.45600001513958;-0.457500010728836;2025
1314;Yobe;6;1.57950001955032;1.21150001883507;1.20899999141693;2025
1315;Yobe;7;0.0465000122785568;0.819000005722046;0.757499992847443;2025
1316;Yobe;8;1.02250000834465;1.23749998211861;1.07649996876717;2025
1317;Yobe;9;0.180999994277954;0.681500002741814;0.99549999833107;2025
1318;Yobe;10;0.780499994754791;0.98649999499321;1.09350001811981;2025
1319;Yobe;11;NA;0.342999994754791;1.18500000238419;2025
1320;Yobe;12;NA;0.782000005245209;0.756499975919724;2025
1321;Zamfara;1;-0.583499997854233;-0.753999970853329;1.35999998450279;2025
1322;Zamfara;2;1.65600001811981;1.76049995794892;0.807500034570694;2025
1323;Zamfara;3;0.763999998569489;0.916999995708466;1.03100001811981;2025
1324;Zamfara;4;0.335499994456768;0.464500002563;0.431999996304512;2025
1325;Zamfara;5;-0.0990000031888485;0.0174999982118607;0.0565000027418137;2025
1326;Zamfara;6;0.253000006079674;0.148000001907349;0.213499997742474;2025
1327;Zamfara;7;-0.140000015497208;-0.0850000083446503;0.0144999921321869;2025
1328;Zamfara;8;-0.221000000834465;-0.15599998831749;-0.118499994277954;2025
1329;Zamfara;9;1.0004999935627;0.336999997496605;0.352499976754189;2025
1330;Zamfara;10;1.10849997401237;0.697500005364418;0.489499986171722;2025
1331;Zamfara;11;3.32700008153915;1.14800000190735;0.525500029325485;2025
1332;Zamfara;12;-1.11099994182587;1.20249998569489;0.509000018239021;2025
