Unnamed: 1,Unnamed: 2,Unnamed: 3,Unnamed: 4,Unnamed: 5,Unnamed: 6,Unnamed: 7,Unnamed: 8,Unnamed: 9,Unnamed: 10,Unnamed: 11,Unnamed: 12,Unnamed: 14,Unnamed: 15,Unnamed: 16,Unnamed: 17,Unnamed: 18,Unnamed: 19,Unnamed: 20,Unnamed: 21,Unnamed: 22,Unnamed: 23,Unnamed: 24,Unnamed: 25
Simulation results: Diet quality,,,,,,,,,,,,,,,,,,,,,,,
,,,,,,,,,,,,,,,,,,,,,,,
,,,,,,, ,,,,,,,,,,,,,,,,
,,,Baseline,,,Simulation effect,,,,,,,,,Decomposition of the simulation effect,,,,,,,,
,,,,,,Total,,,Change from Baseline,,,,,,Income effect only,,,Own-price effect only,,,Own- and cross-price effects only,,
,Residential area,Income quintile,Diet quality indicator,Average adequate food groups,Share of deprived households with sufficient food consumption,Diet quality indicator,Average adequate food groups,Share of deprived households with sufficient food consumption,Diet quality indicator (%),Average adequate food groups (%),Share of deprived households with sufficient food consumption (% points),,Residential area,Income quintile,Diet quality indicator,Average adequate food groups,Share of households deprived with sufficient food consumption,Diet quality indicator,Average adequate food groups,Share of households deprived with sufficient food consumption,Diet quality indicator,Average adequate food groups,Share of households deprived with sufficient food consumption
,National,Total,0.4758194087744153,1.1697147111358899,0.23403070740992776,0.4758194087744153,1.1697147111358899,0.23403070740992776,0,0,0,,National,Total,0.5241805912255847,1.1697147111358899,0.23403070740992776,0.5241805912255847,1.1697147111358899,0.23403070740992776,0.5241805912255847,1.1697147111358899,0.23403070740992776
,,1,0.3437408606159674,0.8543132962682536,0.07563643998785019,0.3437408606159674,0.8543132962682536,0.07563643998785019,0,0,0,,,1,0.6562591393840326,0.8543132962682536,0.07563643998785019,0.6562591393840326,0.8543132962682536,0.07563643998785019,0.6562591393840326,0.8543132962682536,0.07563643998785019
,,2,0.4308235419042954,1.0190819040470116,0.20816608111991486,0.4308235419042954,1.0190819040470116,0.20816608111991486,0,0,0,,,2,0.5691764580957046,1.0190819040470116,0.20816608111991486,0.5691764580957046,1.0190819040470116,0.20816608111991486,0.5691764580957046,1.0190819040470116,0.20816608111991486
,,3,0.479348403740821,1.2009659928325263,0.27168021641314544,0.479348403740821,1.2009659928325263,0.27168021641314544,0,0,0,,,3,0.520651596259179,1.2009659928325263,0.27168021641314544,0.520651596259179,1.2009659928325263,0.27168021641314544,0.520651596259179,1.2009659928325263,0.27168021641314544
,,4,0.5635369436534052,1.286824491478963,0.3140786777894605,0.5635369436534052,1.286824491478963,0.3140786777894605,0,0,0,,,4,0.4364630563465947,1.286824491478963,0.3140786777894605,0.4364630563465947,1.286824491478963,0.3140786777894605,0.4364630563465947,1.286824491478963,0.3140786777894605
,,5,0.638196790006711,1.6964911268383696,0.37214104972847906,0.638196790006711,1.6964911268383696,0.37214104972847906,0,0,0,,,5,0.36180320999328897,1.6964911268383696,0.37214104972847906,0.36180320999328897,1.6964911268383696,0.37214104972847906,0.36180320999328897,1.6964911268383696,0.37214104972847906
,Rural,Total,0.4530349785222928,1.1699466676887111,0.24579150031902325,0.4530349785222928,1.1699466676887111,0.24579150031902325,0,0,0,,Rural,Total,0.5469650214777072,1.1699466676887111,0.24579150031902325,0.5469650214777072,1.1699466676887111,0.24579150031902325,0.5469650214777072,1.1699466676887111,0.24579150031902325
,,1,0.3292215669074917,0.8704708468941433,0.08886178807681805,0.3292215669074917,0.8704708468941433,0.08886178807681805,0,0,0,,,1,0.6707784330925083,0.8704708468941433,0.08886178807681805,0.6707784330925083,0.8704708468941433,0.08886178807681805,0.6707784330925083,0.8704708468941433,0.08886178807681805
,,2,0.40900527791462205,1.088219642096241,0.22885841941160853,0.40900527791462205,1.088219642096241,0.22885841941160853,0,0,0,,,2,0.590994722085378,1.088219642096241,0.22885841941160853,0.590994722085378,1.088219642096241,0.22885841941160853,0.590994722085378,1.088219642096241,0.22885841941160853
,,3,0.4590879304329616,1.144491505268327,0.27281642489476876,0.4590879304329616,1.144491505268327,0.27281642489476876,0,0,0,,,3,0.5409120695670384,1.144491505268327,0.27281642489476876,0.5409120695670384,1.144491505268327,0.27281642489476876,0.5409120695670384,1.144491505268327,0.27281642489476876
,,4,0.523302891456817,1.162982749801253,0.29918165850052747,0.523302891456817,1.162982749801253,0.29918165850052747,0,0,0,,,4,0.476697108543183,1.162982749801253,0.29918165850052747,0.476697108543183,1.162982749801253,0.29918165850052747,0.476697108543183,1.162982749801253,0.29918165850052747
,,5,0.619123671567329,1.7993886952667255,0.4117298858992586,0.619123671567329,1.7993886952667255,0.4117298858992586,0,0,0,,,5,0.38087632843267105,1.7993886952667255,0.4117298858992586,0.38087632843267105,1.7993886952667255,0.4117298858992586,0.38087632843267105,1.7993886952667255,0.4117298858992586
,Urban,Total,0.5158382946595358,1.1693072994642042,0.21337388939255483,0.5158382946595358,1.1693072994642042,0.21337388939255483,0,0,0,,Urban,Total,0.4841617053404642,1.1693072994642042,0.21337388939255483,0.4841617053404642,1.1693072994642042,0.21337388939255483,0.4841617053404642,1.1693072994642042,0.21337388939255483
,,1,0.3678419660240112,0.8274927884261287,0.053683202127236304,0.3678419660240112,0.8274927884261287,0.053683202127236304,0,0,0,,,1,0.6321580339759888,0.8274927884261287,0.053683202127236304,0.6321580339759888,0.8274927884261287,0.053683202127236304,0.6321580339759888,0.8274927884261287,0.053683202127236304
,,2,0.47059412380855115,0.8930568419676883,0.17044784949480138,0.47059412380855115,0.8930568419676883,0.17044784949480138,0,0,0,,,2,0.5294058761914489,0.8930568419676883,0.17044784949480138,0.5294058761914489,0.8930568419676883,0.17044784949480138,0.5294058761914489,0.8930568419676883,0.17044784949480138
,,3,0.5166034801365926,1.3048116096967701,0.26959094963535557,0.5166034801365926,1.3048116096967701,0.26959094963535557,0,0,0,,,3,0.4833965198634073,1.3048116096967701,0.26959094963535557,0.4833965198634073,1.3048116096967701,0.26959094963535557,0.4833965198634073,1.3048116096967701,0.26959094963535557
,,4,0.6390608438584746,1.5192895510257687,0.3420420803478972,0.6390608438584746,1.5192895510257687,0.3420420803478972,0,0,0,,,4,0.3609391561415254,1.5192895510257687,0.3420420803478972,0.3609391561415254,1.5192895510257687,0.3420420803478972,0.3609391561415254,1.5192895510257687,0.3420420803478972
,,5,0.6684799327146713,1.5331165974491827,0.30928429249645945,0.6684799327146713,1.5331165974491827,0.30928429249645945,0,0,0,,,5,0.33152006728532873,1.5331165974491827,0.30928429249645945,0.33152006728532873,1.5331165974491827,0.30928429249645945,0.33152006728532873,1.5331165974491827,0.30928429249645945
,,,,,,,,,,,,,,,,,,,,,,,
,,,,,,,,,,,,,,,,,,,,,,,
Food group contributions,,,,,,,,,,,,,,,,,,,,,,,
,,, ,,,,,,,,,,,,,,,,,,,,
,,,Baseline,,,Simulated impact,,,Simulated impact,,,,,,Decomposition of the simulated impact,,,,,,,,
,,,,,,Total,,,Change from baseline (% points),,,,,,Income effect only,,,Own-price effect only,,,Own- and cross-price effects only,,
Residential area,Income quintile,Food groups,Incidence of deprivation (%),Average food consumption gap (%),Contribution to diet quality indicator (%),Incidence of deprivation (%),Average food consumption gap (%),Contribution to diet quality indicator (%),Incidence of deprivation,Average food consumption gap ,Contribution to diet quality indicator ,Residential area,Income quintile,Food groups,Incidence of deprivation (%),Average food consumption gap (%),Contribution to diet quality indicator (%),Incidence of deprivation (%),Average food consumption gap (%),Contribution to diet quality indicator (%),Incidence of deprivation (%),Average food consumption gap (%),Contribution to diet quality indicator (%)
National,Total,Starchy staples,0.131,0.027625581045711757,0.008333908080198208,0.131,0.027625581045711757,0.008333908080198208,0,0,0,National,Total,Starchy staples,0.131,0.027625581045711757,0.008333908080198208,0.131,0.027625581045711757,0.008333908080198208,0.131,0.027625581045711757,0.008333908080198208
,,Grains,0.51,0.21618978293168412,,0.51,0.21618978293168412,,0,0,,,,Grains,0.51,0.21618978293168412,,0.51,0.21618978293168412,,0.51,0.21618978293168412,
,,Roots & Tubers,0.173,0.15126361487461967,,0.173,0.1512636148746197,,0,0,,,,Roots & Tubers,0.173,0.1512636148746197,,0.173,0.1512636148746197,,0.173,0.1514150299045242,
,,Vegetables,0.92,0.5257260543062133,0.1729243783025381,0.92,0.5257260543062133,0.1729243783025381,0,0,0,,,Vegetables,0.92,0.5257260543062133,0.1729243783025381,0.92,0.5257260543062133,0.1729243783025381,0.92,0.5257260543062133,0.1729243783025381
,,Fruits,0.802,0.5506013156705433,0.1719698747311203,0.802,0.5506013156705433,0.1719698747311203,0,0,0,,,Fruits,0.802,0.5506013156705433,0.1719698747311203,0.802,0.5506013156705433,0.1719698747311203,0.802,0.5506013156705433,0.1719698747311203
,,Dairy foods,0.974,0.8154246499133279,0.3054459367197601,0.974,0.8154246499133279,0.3054459367197601,0,0,0,,,Dairy foods,0.974,0.8154246499133279,0.3054459367197601,0.974,0.8154246499133279,0.3054459367197601,0.974,0.8154246499133279,0.3054459367197601
,,Protein foods,0.948,0.6173517574915048,0.21135011864666003,0.948,0.617351757491505,0.21135011864666003,0,0,0,,,Protein foods,0.948,0.617351757491505,0.21135011864666003,0.948,0.617351757491505,0.21135011864666003,0.948,0.617351757491505,0.21135011864666003
,,Animal protein,0.866,0.5998331820522159,,0.866,0.5998331820522159,,0,0,,,,Animal protein,0.928,0.6984523429787323,,0.866,0.5998331820522159,,0.866,0.5998331820522159,
,,Plant-based protein,0.939,0.6312755320291936,,0.939,0.6312755320291936,,0,0,,,,Plant-based protein,0.939,0.6312755320291936,,0.939,0.6312755320291936,,0.939,0.6312755320291936,
,,Added fats,0.833,0.4091022764585697,0.12997578351972341,0.833,0.4091022764585697,0.12997578351972341,0,0,0,,,Added fats,0.833,0.4091022764585697,0.12997578351972341,0.833,0.4091022764585697,0.12997578351972341,0.833,0.4091022764585697,0.12997578351972341
,1,Starchy staples,0.17616580310880828,0.027879887842180085,0.006695963655317724,0.17616580310880828,0.02787988784218009,0.006695963655317724,0,0,0,,1,Starchy staples,0.17616580310880828,0.02787988784218009,0.006695963655317724,0.17616580310880828,0.02787988784218009,0.006695963655317724,0.17616580310880828,0.02787988784218009,0.006695963655317724
,,Grains,0.34196891191709844,0.1331755052347929,,0.34196891191709844,0.1331755052347929,,0,0,,,,Grains,0.34196891191709844,0.1331755052347929,,0.34196891191709844,0.1331755052347929,,0.34196891191709844,0.1331755052347929,
,,Roots & Tubers,0.43523316062176165,0.37703153813710427,,0.43523316062176165,0.37703153813710427,,0,0,,,,Roots & Tubers,0.43523316062176165,0.37703153813710427,,0.43523316062176165,0.37703153813710427,,0.43523316062176165,0.37703153813710427,
,,Vegetables,0.9896373056994818,0.7285033975430534,0.1839220913060406,0.9896373056994818,0.7285033975430534,0.1839220913060406,0,0,0,,,Vegetables,0.9896373056994818,0.7285033975430534,0.1839220913060406,0.9896373056994818,0.7285033975430534,0.1839220913060406,0.9896373056994818,0.7285033975430534,0.1839220913060406
,,Fruits,0.9896373056994818,0.8666867007549601,0.21860531463010027,0.9896373056994818,0.8666867007549601,0.21860531463010027,0,0,0,,,Fruits,0.9896373056994818,0.8666867007549601,0.21860531463010027,0.9896373056994818,0.8666867007549601,0.21860531463010027,0.9896373056994818,0.8666867007549601,0.21860531463010027
,,Dairy foods,0.9896373056994818,0.9109358050860438,0.23153389279533926,0.9896373056994818,0.9109358050860438,0.23153389279533926,0,0,0,,,Dairy foods,0.9896373056994818,0.9109358050860438,0.23153389279533926,0.9896373056994818,0.9109358050860438,0.23153389279533926,0.9896373056994818,0.9109358050860438,0.23153389279533926
,,Protein foods,1,0.8131548427345776,0.2074638064925911,1,0.8131548427345776,0.2074638064925911,0,0,0,,,Protein foods,1,0.8131548427345776,0.2074638064925911,1,0.8131548427345776,0.2074638064925911,1,0.8131548427345776,0.2074638064925911
,,Animal protein,0.9948186528497409,0.8678976474508653,,0.9948186528497409,0.8678976474508653,,0,0,,,,Animal protein,1,0.8985231907283774,,0.9948186528497409,0.8678976474508653,,0.9948186528497409,0.8678976474508653,
,,Plant-based protein,1,0.7959774165745388,,1,0.7959774165745388,,0,0,,,,Plant-based protein,1,0.7959774165745388,,1,0.7959774165745388,,1,0.7959774165745388,
,,Added fats,0.9844559585492227,0.6077622849189749,0.1517789311206108,0.9844559585492227,0.6077622849189749,0.1517789311206108,0,0,0,,,Added fats,0.9844559585492227,0.6077622849189749,0.1517789311206108,0.9844559585492227,0.6077622849189749,0.1517789311206108,0.9844559585492227,0.6077622849189749,0.1517789311206108
,2,Starchy staples,0.11,0.019159598900290092,0.005269766096121753,0.11,0.019159598900290096,0.005269766096121754,0,0,0,,2,Starchy staples,0.11,0.019159598900290096,0.005269766096121754,0.11,0.019159598900290096,0.005269766096121754,0.11,0.019159598900290096,0.005269766096121754
,,Grains,0.45,0.19635509595624026,,0.45,0.19635509595624026,,0,0,,,,Grains,0.45,0.19635509595624026,,0.45,0.19635509595624026,,0.45,0.19635509595624026,
,,Roots & Tubers,0.23,0.20134503450149144,,0.23,0.2013450345014914,,0,0,,,,Roots & Tubers,0.23,0.2013450345014914,,0.23,0.2013450345014914,,0.23,0.2013450345014914,
,,Vegetables,0.965,0.6135195889534095,0.18185913298370557,0.965,0.6135195889534095,0.18185913298370557,0,0,0,,,Vegetables,0.965,0.6135195889534095,0.18185913298370557,0.965,0.6135195889534095,0.18185913298370557,0.965,0.6135195889534095,0.18185913298370557
,,Fruits,0.94,0.6654007163123482,0.19314632037698082,0.94,0.6654007163123482,0.19314632037698082,0,0,0,,,Fruits,0.94,0.6654007163123482,0.19314632037698082,0.94,0.6654007163123482,0.19314632037698082,0.94,0.6654007163123482,0.19314632037698082
,,Dairy foods,0.98,0.8450879035899842,0.25398726799377574,0.98,0.8450879035899842,0.25398726799377574,0,0,0,,,Dairy foods,0.98,0.8450879035899842,0.25398726799377574,0.98,0.8450879035899842,0.25398726799377574,0.98,0.8450879035899842,0.25398726799377574
,,Protein foods,0.995,0.7306183355005035,0.2225911990390718,0.995,0.7306183355005035,0.2225911990390718,0,0,0,,,Protein foods,0.995,0.7306183355005035,0.2225911990390718,0.995,0.7306183355005035,0.2225911990390718,0.995,0.7306183355005035,0.2225911990390718
,,Animal protein,0.995,0.7650789198942263,,0.995,0.7650789198942263,,0,0,,,,Animal protein,0.995,0.8200715202662873,,0.995,0.7650789198942263,,0.995,0.7650789198942263,
,,Plant-based protein,0.99,0.7173644022070849,,0.99,0.7173644022070849,,0,0,,,,Plant-based protein,0.99,0.7173644022070849,,0.99,0.7173644022070849,,0.99,0.7173644022070849,
,,Added fats,0.93,0.4903730843051165,0.14314631351034465,0.93,0.4903730843051165,0.14314631351034465,0,0,0,,,Added fats,0.93,0.4903730843051165,0.14314631351034465,0.93,0.4903730843051165,0.14314631351034465,0.93,0.4903730843051165,0.14314631351034465
,3,Starchy staples,0.12437810945273632,0.028291138449990687,0.007641586621511835,0.12437810945273632,0.028291138449990687,0.007641586621511835,0,0,0,,3,Starchy staples,0.12437810945273632,0.028291138449990687,0.007641586621511835,0.12437810945273632,0.028291138449990687,0.007641586621511835,0.12437810945273632,0.028291138449990687,0.007641586621511835
,,Grains,0.48258706467661694,0.20101267735205788,,0.48258706467661694,0.20101267735205786,,0,0,,,,Grains,0.48258706467661694,0.20101267735205786,,0.48258706467661694,0.20101267735205786,,0.48258706467661694,0.20101267735205786,
,,Roots & Tubers,0.13930348258706468,0.1155598065366184,,0.13930348258706468,0.11555980653661842,,0,0,,,,Roots & Tubers,0.13930348258706468,0.11555980653661842,,0.13930348258706468,0.11555980653661842,,0.13930348258706468,0.11555980653661842,
,,Vegetables,0.9601990049751243,0.5430754308022926,0.17883682910653648,0.9601990049751243,0.5430754308022926,0.17883682910653648,0,0,0,,,Vegetables,0.9601990049751243,0.5430754308022926,0.17883682910653648,0.9601990049751243,0.5430754308022926,0.17883682910653648,0.9601990049751243,0.5430754308022926,0.17883682910653648
,,Fruits,0.8258706467661692,0.5727391184049411,0.18262638310569523,0.8258706467661692,0.5727391184049411,0.18262638310569523,0,0,0,,,Fruits,0.8258706467661692,0.5727391184049411,0.18262638310569523,0.8258706467661692,0.5727391184049411,0.18262638310569523,0.8258706467661692,0.5727391184049411,0.18262638310569523
,,Dairy foods,0.9601990049751243,0.8402945523812002,0.2910333657861092,0.9601990049751243,0.8402945523812002,0.2910333657861092,0,0,0,,,Dairy foods,0.9601990049751243,0.8402945523812002,0.2910333657861092,0.9601990049751243,0.8402945523812002,0.2910333657861092,0.9601990049751243,0.8402945523812002,0.2910333657861092
,,Protein foods,0.9850746268656716,0.6331011776145579,0.21465365419849264,0.9850746268656716,0.6331011776145579,0.21465365419849264,0,0,0,,,Protein foods,0.9850746268656716,0.6331011776145579,0.21465365419849264,0.9850746268656716,0.6331011776145579,0.21465365419849264,0.9850746268656716,0.6331011776145579,0.21465365419849264
,,Animal protein,0.9154228855721394,0.6031642493393676,,0.9154228855721394,0.6031642493393676,,0,0,,,,Animal protein,0.9303482587064676,0.7082970912454073,,0.9154228855721394,0.6031642493393676,,0.9154228855721394,0.6031642493393676,
,,Plant-based protein,0.9800995024875622,0.6487020591159881,,0.9800995024875622,0.6487020591159881,,0,0,,,,Plant-based protein,0.9800995024875622,0.6487020591159881,,0.9800995024875622,0.6487020591159881,,0.9800995024875622,0.6487020591159881,
,,Added fats,0.8407960199004975,0.3914289801517764,0.12520818118165486,0.8407960199004975,0.3914289801517764,0.12520818118165486,0,0,0,,,Added fats,0.8407960199004975,0.3914289801517764,0.12520818118165486,0.8407960199004975,0.3914289801517764,0.12520818118165486,0.8407960199004975,0.3914289801517764,0.12520818118165486
,4,Starchy staples,0.11330049261083744,0.025858541967833572,0.007736853758489381,0.11330049261083744,0.025858541967833572,0.007736853758489381,0,0,0,,4,Starchy staples,0.11330049261083744,0.025858541967833572,0.007736853758489381,0.11330049261083744,0.025858541967833572,0.007736853758489381,0.11330049261083744,0.025858541967833572,0.007736853758489381
,,Grains,0.6305418719211823,0.28928756610756606,,0.6305418719211823,0.28928756610756606,,0,0,,,,Grains,0.6305418719211823,0.28928756610756606,,0.6305418719211823,0.28928756610756606,,0.6305418719211823,0.28928756610756606,
,,Roots & Tubers,0.054187192118226604,0.054187192118226604,,0.054187192118226604,0.054187192118226604,,0,0,,,,Roots & Tubers,0.054187192118226604,0.054187192118226604,,0.054187192118226604,0.054187192118226604,,0.054187192118226604,0.054187192118226604,
,,Vegetables,0.9458128078817734,0.44198423837100653,0.16918716793242752,0.9458128078817734,0.44198423837100653,0.16918716793242752,0,0,0,,,Vegetables,0.9458128078817734,0.44198423837100653,0.16918716793242752,0.9458128078817734,0.44198423837100653,0.16918716793242752,0.9458128078817734,0.44198423837100653,0.16918716793242752
,,Fruits,0.7438423645320197,0.4109194897833548,0.1524376993788596,0.7438423645320197,0.4109194897833548,0.1524376993788596,0,0,0,,,Fruits,0.7438423645320197,0.4109194897833548,0.1524376993788596,0.7438423645320197,0.4109194897833548,0.1524376993788596,0.7438423645320197,0.4109194897833548,0.1524376993788596
,,Dairy foods,0.9704433497536946,0.7985371306988127,0.3296383396023715,0.9704433497536946,0.7985371306988127,0.3296383396023715,0,0,0,,,Dairy foods,0.9704433497536946,0.7985371306988127,0.3296383396023715,0.9704433497536946,0.7985371306988127,0.3296383396023715,0.9704433497536946,0.7985371306988127,0.3296383396023715
,,Protein foods,0.9605911330049262,0.5354378765756831,0.21361738196176117,0.9605911330049262,0.5354378765756831,0.21361738196176117,0,0,0,,,Protein foods,0.9605911330049262,0.5354378765756831,0.21361738196176117,0.9605911330049262,0.5354378765756831,0.21361738196176117,0.9605911330049262,0.5354378765756831,0.21361738196176117
,,Animal protein,0.8226600985221675,0.47685517502397573,,0.8226600985221675,0.47685517502397573,,0,0,,,,Animal protein,0.9064039408866995,0.6010267482857297,,0.8226600985221675,0.47685517502397573,,0.8226600985221675,0.47685517502397573,
,,Plant-based protein,0.9359605911330049,0.5606475239612988,,0.9359605911330049,0.5606475239612988,,0,0,,,,Plant-based protein,0.9359605911330049,0.5606475239612988,,0.9359605911330049,0.5606475239612988,,0.9359605911330049,0.5606475239612988,
,,Added fats,0.8029556650246306,0.3405328395104156,0.12738255736609078,0.8029556650246306,0.3405328395104156,0.12738255736609078,0,0,0,,,Added fats,0.8029556650246306,0.3405328395104156,0.12738255736609078,0.8029556650246306,0.3405328395104156,0.12738255736609078,0.8029556650246306,0.3405328395104156,0.12738255736609078
,5,Starchy staples,0.1330049261083744,0.03683270967583558,0.014192579564533571,0.1330049261083744,0.03683270967583558,0.014192579564533571,0,0,0,,5,Starchy staples,0.1330049261083744,0.03683270967583558,0.014192579564533571,0.1330049261083744,0.03683270967583558,0.014192579564533571,0.1330049261083744,0.03683270967583558,0.014192579564533571
,,Grains,0.6354679802955665,0.25658604513557376,,0.6354679802955665,0.25658604513557376,,0,0,,,,Grains,0.6354679802955665,0.25658604513557376,,0.6354679802955665,0.25658604513557376,,0.6354679802955665,0.25658604513557376,
,,Roots & Tubers,0.019704433497536946,0.019704433497536946,,0.019704433497536946,0.019704433497536946,,0,0,,,,Roots & Tubers,0.019704433497536946,0.019704433497536946,,0.019704433497536946,0.019704433497536946,,0.019704433497536946,0.019704433497536946,
,,Vegetables,0.7438423645320197,0.31300501876427267,0.15154872090164764,0.7438423645320197,0.31300501876427267,0.15154872090164764,0,0,0,,,Vegetables,0.7438423645320197,0.31300501876427267,0.15154872090164764,0.7438423645320197,0.31300501876427267,0.15154872090164764,0.7438423645320197,0.31300501876427267,0.15154872090164764
,,Fruits,0.5221674876847291,0.25474591101946853,0.11574891110325876,0.5221674876847291,0.25474591101946853,0.11574891110325876,0,0,0,,,Fruits,0.5221674876847291,0.25474591101946853,0.11574891110325876,0.5221674876847291,0.25474591101946853,0.11574891110325876,0.5221674876847291,0.25474591101946853,0.11574891110325876
,,Dairy foods,0.9704433497536946,0.6876562377007056,0.41649336132618264,0.9704433497536946,0.6876562377007056,0.41649336132618253,0,0,0,,,Dairy foods,0.9704433497536946,0.6876562377007056,0.41649336132618253,0.9704433497536946,0.6876562377007056,0.41649336132618253,0.9704433497536946,0.6876562377007056,0.41649336132618253
,,Protein foods,0.8029556650246306,0.3859210842277895,0.19843177908197537,0.8029556650246306,0.3859210842277895,0.1984317790819754,0,0,0,,,Protein foods,0.8029556650246306,0.3859210842277895,0.1984317790819754,0.8029556650246306,0.3859210842277895,0.1984317790819754,0.8029556650246306,0.3859210842277895,0.1984317790819754
,,Animal protein,0.6108374384236454,0.3018499382673588,,0.6108374384236454,0.3018499382673588,,0,0,,,,Animal protein,0.812807881773399,0.4760931914904885,,0.6108374384236454,0.3018499382673588,,0.6108374384236454,0.3018499382673588,
,,Plant-based protein,0.7931034482758621,0.4432435908494245,,0.7931034482758621,0.4432435908494245,,0,0,,,,Plant-based protein,0.7931034482758621,0.4432435908494245,,0.7931034482758621,0.4432435908494245,,0.7931034482758621,0.4432435908494245,
,,Added fats,0.6157635467980296,0.22622732599538212,0.10358464802240182,0.6157635467980296,0.22622732599538212,0.10358464802240182,0,0,0,,,Added fats,0.6157635467980296,0.22622732599538212,0.10358464802240182,0.6157635467980296,0.22622732599538212,0.10358464802240182,0.6157635467980296,0.22622732599538212,0.10358464802240182
Rural,Total,Starchy staples,0.11671469740634005,0.025711747480057143,0.007529687003128122,0.11671469740634005,0.025711747480057143,0.007529687003128122,0,0,0,Rural,Total,Starchy staples,0.11671469740634005,0.025711747480057143,0.007529687003128122,0.11671469740634005,0.025711747480057143,0.007529687003128122,0.11671469740634005,0.025711747480057143,0.007529687003128122
,,Grains,0.47982708933717577,0.21551176784237783,,0.47982708933717577,0.2155117678423778,,0,0,,,,Grains,0.47982708933717577,0.2155117678423778,,0.47982708933717577,0.2155117678423778,,0.47982708933717577,0.2155117678423778,
,,Roots & Tubers,0.21902017291066284,0.19477014066656276,,0.21902017291066284,0.19477014066656276,,0,0,,,,Roots & Tubers,0.21902017291066284,0.19477014066656276,,0.21902017291066284,0.19477014066656276,,0.21902017291066284,0.19477014066656276,
,,Vegetables,0.9221902017291066,0.5525199534609743,0.17422946714243776,0.9221902017291066,0.5525199534609743,0.17422946714243776,0,0,0,,,Vegetables,0.9221902017291066,0.5525199534609743,0.17422946714243776,0.9221902017291066,0.5525199534609743,0.17422946714243776,0.9221902017291066,0.5525199534609743,0.17422946714243776
,,Fruits,0.8126801152737753,0.5830415866222395,0.17649021844753746,0.8126801152737753,0.5830415866222395,0.17649021844753746,0,0,0,,,Fruits,0.8126801152737753,0.5830415866222395,0.17649021844753746,0.8126801152737753,0.5830415866222395,0.17649021844753746,0.8126801152737753,0.5830415866222395,0.17649021844753746
,,Dairy foods,0.9740634005763689,0.836175578426999,0.301315223788202,0.9740634005763689,0.836175578426999,0.301315223788202,0,0,0,,,Dairy foods,0.9740634005763689,0.836175578426999,0.301315223788202,0.9740634005763689,0.836175578426999,0.301315223788202,0.9740634005763689,0.836175578426999,0.301315223788202
,,Protein foods,0.9409221902017291,0.6268951506913881,0.20373844299031435,0.9409221902017291,0.6268951506913881,0.20373844299031435,0,0,0,,,Protein foods,0.9409221902017291,0.6268951506913881,0.20373844299031435,0.9409221902017291,0.6268951506913881,0.20373844299031435,0.9409221902017291,0.6268951506913881,0.20373844299031435
,,Animal protein,0.8717579250720461,0.6322958802766141,,0.8717579250720461,0.6322958802766141,,0,0,,,,Animal protein,0.9322766570605188,0.7244570443590149,,0.8717579250720461,0.6322958802766141,,0.8717579250720461,0.6322958802766141,
,,Plant-based protein,0.9337175792507204,0.6348773048951977,,0.9337175792507204,0.6348773048951977,,0,0,,,,Plant-based protein,0.9337175792507204,0.6348773048951977,,0.9337175792507204,0.6348773048951977,,0.9337175792507204,0.6348773048951977,
,,Added fats,0.8515850144092219,0.44136125542207316,0.13669696062838055,0.8515850144092219,0.44136125542207316,0.13669696062838055,0,0,0,,,Added fats,0.8515850144092219,0.44136125542207316,0.13669696062838055,0.8515850144092219,0.44136125542207316,0.13669696062838055,0.8515850144092219,0.44136125542207316,0.13669696062838055
,1,Starchy staples,0.16541353383458646,0.028689291547853716,0.006823351807811032,0.16541353383458646,0.028689291547853716,0.006823351807811033,0,0,0,,1,Starchy staples,0.16541353383458646,0.028689291547853716,0.006823351807811033,0.16541353383458646,0.028689291547853716,0.006823351807811033,0.16541353383458646,0.028689291547853716,0.006823351807811033
,,Grains,0.2932330827067669,0.11877514759147643,,0.2932330827067669,0.11877514759147643,,0,0,,,,Grains,0.2932330827067669,0.11877514759147643,,0.2932330827067669,0.11877514759147643,,0.2932330827067669,0.11877514759147643,
,,Roots & Tubers,0.5338345864661654,0.46812424384860474,,0.5338345864661654,0.46812424384860474,,0,0,,,,Roots & Tubers,0.5338345864661654,0.46812424384860474,,0.5338345864661654,0.46812424384860474,,0.5338345864661654,0.46812424384860474,
,,Vegetables,1,0.7504739383408301,0.18480811411520875,1,0.7504739383408301,0.18480811411520875,0,0,0,,,Vegetables,1,0.7504739383408301,0.18480811411520875,1,0.7504739383408301,0.18480811411520875,1,0.7504739383408301,0.18480811411520875
,,Fruits,0.9924812030075187,0.8990807084255306,0.22179046779580974,0.9924812030075187,0.8990807084255306,0.22179046779580974,0,0,0,,,Fruits,0.9924812030075187,0.8990807084255306,0.22179046779580974,0.9924812030075187,0.8990807084255306,0.22179046779580974,0.9924812030075187,0.8990807084255306,0.22179046779580974
,,Dairy foods,0.9849624060150376,0.9227911451184031,0.2275994796712335,0.9849624060150376,0.9227911451184031,0.2275994796712335,0,0,0,,,Dairy foods,0.9849624060150376,0.9227911451184031,0.2275994796712335,0.9849624060150376,0.9227911451184031,0.2275994796712335,0.9849624060150376,0.9227911451184031,0.2275994796712335
,,Protein foods,1,0.8229883897813244,0.2032935983270984,1,0.8229883897813244,0.2032935983270984,0,0,0,,,Protein foods,1,0.8229883897813244,0.2032935983270984,1,0.8229883897813244,0.2032935983270984,1,0.8229883897813244,0.2032935983270984
,,Animal protein,1,0.89768663327935,,1,0.89768663327935,,0,0,,,,Animal protein,1,0.9213294399583407,,1,0.89768663327935,,1,0.89768663327935,
,,Plant-based protein,1,0.8007029371395654,,1,0.8007029371395654,,0,0,,,,Plant-based protein,1,0.8007029371395654,,1,0.8007029371395654,,1,0.8007029371395654,
,,Added fats,0.9924812030075187,0.6374298910988714,0.15568498828283825,0.9924812030075187,0.6374298910988714,0.15568498828283825,0,0,0,,,Added fats,0.9924812030075187,0.6374298910988714,0.15568498828283825,0.9924812030075187,0.6374298910988714,0.15568498828283825,0.9924812030075187,0.6374298910988714,0.15568498828283825
,2,Starchy staples,0.08633093525179857,0.016315536579740688,0.004424895449533096,0.08633093525179857,0.01631553657974069,0.004424895449533097,0,0,0,,2,Starchy staples,0.08633093525179857,0.01631553657974069,0.004424895449533097,0.08633093525179857,0.01631553657974069,0.004424895449533097,0.08633093525179857,0.01631553657974069,0.004424895449533097
,,Grains,0.38848920863309355,0.18411024010873336,,0.38848920863309355,0.18411024010873336,,0,0,,,,Grains,0.38848920863309355,0.18411024010873336,,0.38848920863309355,0.18411024010873336,,0.38848920863309355,0.18411024010873336,
,,Roots & Tubers,0.28776978417266186,0.26390238904222924,,0.28776978417266186,0.26390238904222924,,0,0,,,,Roots & Tubers,0.28776978417266186,0.26390238904222924,,0.28776978417266186,0.26390238904222924,,0.28776978417266186,0.26390238904222924,
,,Vegetables,0.9568345323741008,0.6400675176804498,0.18188206420139794,0.9568345323741008,0.6400675176804498,0.18188206420139794,0,0,0,,,Vegetables,0.9568345323741008,0.6400675176804498,0.18188206420139794,0.9568345323741008,0.6400675176804498,0.18188206420139794,0.9568345323741008,0.6400675176804498,0.18188206420139794
,,Fruits,0.935251798561151,0.7057965357744409,0.1982938173003637,0.935251798561151,0.7057965357744409,0.1982938173003637,0,0,0,,,Fruits,0.935251798561151,0.7057965357744409,0.1982938173003637,0.935251798561151,0.7057965357744409,0.1982938173003637,0.935251798561151,0.7057965357744409,0.1982938173003637
,,Dairy foods,0.9856115107913669,0.8444620761951157,0.2431437723719618,0.9856115107913669,0.8444620761951157,0.2431437723719618,0,0,0,,,Dairy foods,0.9856115107913669,0.8444620761951157,0.2431437723719618,0.9856115107913669,0.8444620761951157,0.2431437723719618,0.9856115107913669,0.8444620761951157,0.2431437723719618
,,Protein foods,1,0.755706187563486,0.22206866512445042,1,0.755706187563486,0.22206866512445042,0,0,0,,,Protein foods,1,0.755706187563486,0.22206866512445042,1,0.755706187563486,0.22206866512445042,1,0.755706187563486,0.22206866512445042
,,Animal protein,0.9928057553956835,0.8092963847099562,,0.9928057553956835,0.8092963847099562,,0,0,,,,Animal protein,0.9928057553956835,0.8406448908594774,,0.9928057553956835,0.8092963847099562,,0.9928057553956835,0.8092963847099562,
,,Plant-based protein,1,0.737410928572869,,1,0.737410928572869,,0,0,,,,Plant-based protein,1,0.737410928572869,,1,0.737410928572869,,1,0.737410928572869,
,,Added fats,0.9424460431654677,0.5328724227403547,0.15018678555229298,0.9424460431654677,0.5328724227403547,0.15018678555229298,0,0,0,,,Added fats,0.9424460431654677,0.5328724227403547,0.15018678555229298,0.9424460431654677,0.5328724227403547,0.15018678555229298,0.9424460431654677,0.5328724227403547,0.15018678555229298
,3,Starchy staples,0.11428571428571428,0.02485089026378984,0.006882601093790428,0.11428571428571428,0.02485089026378984,0.006882601093790427,0,0,0,,3,Starchy staples,0.11428571428571428,0.02485089026378984,0.006882601093790427,0.11428571428571428,0.02485089026378984,0.006882601093790427,0.11428571428571428,0.02485089026378984,0.006882601093790427
,,Grains,0.4357142857142857,0.192937463821188,,0.4357142857142857,0.19293746382118804,,0,0,,,,Grains,0.4357142857142857,0.19293746382118804,,0.4357142857142857,0.19293746382118804,,0.4357142857142857,0.19293746382118804,
,,Roots & Tubers,0.19285714285714287,0.15876800795614499,,0.19285714285714287,0.158768007956145,,0,0,,,,Roots & Tubers,0.19285714285714287,0.158768007956145,,0.19285714285714287,0.158768007956145,,0.19285714285714287,0.158768007956145,
,,Vegetables,0.9714285714285714,0.5592142354001055,0.1781763018738242,0.9714285714285714,0.5592142354001055,0.1781763018738242,0,0,0,,,Vegetables,0.9714285714285714,0.5592142354001055,0.1781763018738242,0.9714285714285714,0.5592142354001055,0.1781763018738242,0.9714285714285714,0.5592142354001055,0.1781763018738242
,,Fruits,0.8571428571428571,0.612042089708808,0.19131039554618848,0.8571428571428571,0.612042089708808,0.19131039554618848,0,0,0,,,Fruits,0.8571428571428571,0.612042089708808,0.19131039554618848,0.8571428571428571,0.612042089708808,0.19131039554618848,0.8571428571428571,0.612042089708808,0.19131039554618848
,,Dairy foods,0.9571428571428572,0.8686971756924435,0.2860069297771577,0.9571428571428572,0.8686971756924435,0.2860069297771577,0,0,0,,,Dairy foods,0.9571428571428572,0.8686971756924435,0.2860069297771577,0.9571428571428572,0.8686971756924435,0.2860069297771577,0.9571428571428572,0.8686971756924435,0.2860069297771577
,,Protein foods,0.9785714285714285,0.6446177269320748,0.20876642260401557,0.9785714285714285,0.6446177269320748,0.20876642260401557,0,0,0,,,Protein foods,0.9785714285714285,0.6446177269320748,0.20876642260401557,0.9785714285714285,0.6446177269320748,0.20876642260401557,0.9785714285714285,0.6446177269320748,0.20876642260401557
,,Animal protein,0.9357142857142857,0.6424943817951603,,0.9357142857142857,0.6424943817951603,,0,0,,,,Animal protein,0.9428571428571428,0.738505581891587,,0.9357142857142857,0.6424943817951603,,0.9357142857142857,0.6424943817951603,
,,Plant-based protein,0.9714285714285714,0.6530046493340721,,0.9714285714285714,0.6530046493340722,,0,0,,,,Plant-based protein,0.9714285714285714,0.6530046493340722,,0.9714285714285714,0.6530046493340722,,0.9714285714285714,0.6530046493340722,
,,Added fats,0.8642857142857143,0.4112863273961967,0.12885734910502372,0.8642857142857143,0.4112863273961967,0.12885734910502372,0,0,0,,,Added fats,0.8642857142857143,0.4112863273961967,0.12885734910502372,0.8642857142857143,0.4112863273961967,0.12885734910502372,0.8642857142857143,0.4112863273961967,0.12885734910502372
,4,Starchy staples,0.11347517730496454,0.023846294369655796,0.006904486756524893,0.11347517730496454,0.023846294369655796,0.006904486756524893,0,0,0,,4,Starchy staples,0.11347517730496454,0.023846294369655796,0.006904486756524893,0.11347517730496454,0.023846294369655796,0.006904486756524893,0.11347517730496454,0.023846294369655796,0.006904486756524893
,,Grains,0.624113475177305,0.29689496355233314,,0.624113475177305,0.29689496355233314,,0,0,,,,Grains,0.624113475177305,0.29689496355233314,,0.624113475177305,0.29689496355233314,,0.624113475177305,0.29689496355233314,
,,Roots & Tubers,0.07092198581560284,0.07092198581560284,,0.07092198581560284,0.07092198581560284,,0,0,,,,Roots & Tubers,0.07092198581560284,0.07092198581560284,,0.07092198581560284,0.07092198581560284,,0.07092198581560284,0.07092198581560284,
,,Vegetables,0.9574468085106383,0.48748090601461685,0.17558425426840427,0.9574468085106383,0.48748090601461685,0.17558425426840427,0,0,0,,,Vegetables,0.9574468085106383,0.48748090601461685,0.17558425426840427,0.9574468085106383,0.48748090601461685,0.17558425426840427,0.9574468085106383,0.48748090601461685,0.17558425426840427
,,Fruits,0.7588652482269503,0.4488154838552994,0.1574336111868747,0.7588652482269503,0.4488154838552994,0.1574336111868747,0,0,0,,,Fruits,0.7588652482269503,0.4488154838552994,0.1574336111868747,0.7588652482269503,0.4488154838552994,0.1574336111868747,0.7588652482269503,0.4488154838552994,0.1574336111868747
,,Dairy foods,0.9716312056737588,0.8278644840535954,0.3175725314692859,0.9716312056737588,0.8278644840535954,0.3175725314692859,0,0,0,,,Dairy foods,0.9716312056737588,0.8278644840535954,0.3175725314692859,0.9716312056737588,0.8278644840535954,0.3175725314692859,0.9716312056737588,0.8278644840535954,0.3175725314692859
,,Protein foods,0.9645390070921985,0.5580436358722857,0.20882305583601118,0.9645390070921985,0.5580436358722857,0.20882305583601118,0,0,0,,,Protein foods,0.9645390070921985,0.5580436358722857,0.20882305583601118,0.9645390070921985,0.5580436358722857,0.20882305583601118,0.9645390070921985,0.5580436358722857,0.20882305583601118
,,Animal protein,0.8368794326241135,0.5194170040839605,,0.8368794326241135,0.5194170040839605,,0,0,,,,Animal protein,0.900709219858156,0.6253053731672408,,0.8368794326241135,0.5194170040839605,,0.8368794326241135,0.5194170040839605,
,,Plant-based protein,0.9432624113475178,0.5794658521969231,,0.9432624113475178,0.5794658521969231,,0,0,,,,Plant-based protein,0.9432624113475178,0.5794658521969231,,0.9432624113475178,0.5794658521969231,,0.9432624113475178,0.5794658521969231,
,,Added fats,0.8368794326241135,0.3761306676265881,0.13368206048289896,0.8368794326241135,0.3761306676265881,0.13368206048289896,0,0,0,,,Added fats,0.8368794326241135,0.3761306676265881,0.13368206048289896,0.8368794326241135,0.3761306676265881,0.13368206048289896,0.8368794326241135,0.3761306676265881,0.13368206048289896
,5,Starchy staples,0.10638297872340426,0.03488627835219236,0.01252439529394524,0.10638297872340426,0.03488627835219236,0.012524395293945242,0,0,0,,5,Starchy staples,0.10638297872340426,0.03488627835219236,0.012524395293945242,0.10638297872340426,0.03488627835219236,0.012524395293945242,0.10638297872340426,0.03488627835219236,0.012524395293945242
,,Grains,0.6453900709219859,0.27874690838286936,,0.6453900709219859,0.27874690838286936,,0,0,,,,Grains,0.6453900709219859,0.27874690838286936,,0.6453900709219859,0.27874690838286936,,0.6453900709219859,0.27874690838286936,
,,Roots & Tubers,0.028368794326241134,0.028368794326241134,,0.028368794326241134,0.028368794326241134,,0,0,,,,Roots & Tubers,0.028368794326241134,0.028368794326241134,,0.028368794326241134,0.028368794326241134,,0.028368794326241134,0.028368794326241134,
,,Vegetables,0.7304964539007093,0.33788388823352955,0.15143334738549105,0.7304964539007093,0.3378838882335295,0.15143334738549105,0,0,0,,,Vegetables,0.7304964539007093,0.3378838882335295,0.15143334738549105,0.7304964539007093,0.3378838882335295,0.15143334738549105,0.7304964539007093,0.3378838882335295,0.15143334738549105
,,Fruits,0.5319148936170213,0.26935129531745255,0.11660740586653855,0.5319148936170213,0.26935129531745255,0.11660740586653855,0,0,0,,,Fruits,0.5319148936170213,0.26935129531745255,0.11660740586653855,0.5319148936170213,0.26935129531745255,0.11660740586653855,0.5319148936170213,0.26935129531745255,0.11660740586653855
,,Dairy foods,0.9716312056737588,0.722325558070706,0.42713725565293553,0.9716312056737588,0.722325558070706,0.4271372556529355,0,0,0,,,Dairy foods,0.9716312056737588,0.722325558070706,0.4271372556529355,0.9716312056737588,0.722325558070706,0.4271372556529355,0.9716312056737588,0.722325558070706,0.4271372556529355
,,Protein foods,0.7659574468085106,0.36619846978084947,0.17601089622720403,0.7659574468085106,0.36619846978084947,0.17601089622720406,0,0,0,,,Protein foods,0.7659574468085106,0.36619846978084947,0.17601089622720406,0.7659574468085106,0.36619846978084947,0.17601089622720406,0.7659574468085106,0.36619846978084947,0.17601089622720406
,,Animal protein,0.6028368794326241,0.3102256041416462,,0.6028368794326241,0.3102256041416462,,0,0,,,,Animal protein,0.8297872340425532,0.509417690495227,,0.6028368794326241,0.3102256041416462,,0.6028368794326241,0.3102256041416462,
,,Plant-based protein,0.7588652482269503,0.4147936441102146,,0.7588652482269503,0.4147936441102146,,0,0,,,,Plant-based protein,0.7588652482269503,0.4147936441102146,,0.7588652482269503,0.4147936441102146,,0.7588652482269503,0.4147936441102146,
,,Added fats,0.6312056737588653,0.2612961632272537,0.11628669957388553,0.6312056737588653,0.2612961632272537,0.11628669957388553,0,0,0,,,Added fats,0.6312056737588653,0.2612961632272537,0.11628669957388553,0.6312056737588653,0.2612961632272537,0.11628669957388553,0.6312056737588653,0.2612961632272537,0.11628669957388553
Urban,Total,Starchy staples,0.16339869281045752,0.03196610553775188,0.010157860457605535,0.16339869281045752,0.03196610553775188,0.010157860457605535,0,0,0,Urban,Total,Starchy staples,0.16339869281045752,0.03196610553775188,0.010157860457605535,0.16339869281045752,0.03196610553775188,0.010157860457605535,0.16339869281045752,0.03196610553775188,0.010157860457605535
,,Grains,0.5784313725490197,0.2177275034283463,,0.5784313725490197,0.2177275034283463,,0,0,,,,Grains,0.5784313725490197,0.2177275034283463,,0.5784313725490197,0.2177275034283463,,0.5784313725490197,0.2177275034283463,
,,Roots & Tubers,0.06862745098039216,0.052591951804003646,,0.06862745098039216,0.052591951804003646,,0,0,,,,Roots & Tubers,0.06862745098039216,0.052591951804003646,,0.06862745098039216,0.052591951804003646,,0.06862745098039216,0.052591951804003646,
,,Vegetables,0.9150326797385621,0.46495819151731127,0.16996447093361547,0.9150326797385621,0.46495819151731127,0.16996447093361547,0,0,0,,,Vegetables,0.9150326797385621,0.46495819151731127,0.16996447093361547,0.9150326797385621,0.46495819151731127,0.16996447093361547,0.9150326797385621,0.46495819151731127,0.16996447093361547
,,Fruits,0.7777777777777778,0.47702762926375564,0.161717853361207,0.7777777777777778,0.47702762926375564,0.161717853361207,0,0,0,,,Fruits,0.7777777777777778,0.47702762926375564,0.161717853361207,0.7777777777777778,0.47702762926375564,0.161717853361207,0.7777777777777778,0.47702762926375564,0.161717853361207
,,Dairy foods,0.9738562091503268,0.7683620865522526,0.31481428565603925,0.9738562091503268,0.7683620865522526,0.31481428565603925,0,0,0,,,Dairy foods,0.9738562091503268,0.7683620865522526,0.31481428565603925,0.9738562091503268,0.7683620865522526,0.31481428565603925,0.9738562091503268,0.7683620865522526,0.31481428565603925
,,Protein foods,0.9640522875816994,0.5957075912146464,0.22861320003719526,0.9640522875816994,0.5957075912146464,0.22861320003719526,0,0,0,,,Protein foods,0.9640522875816994,0.5957075912146464,0.22861320003719526,0.9640522875816994,0.5957075912146464,0.22861320003719526,0.9640522875816994,0.5957075912146464,0.22861320003719526
,,Animal protein,0.8529411764705882,0.5262086311772732,,0.8529411764705882,0.5262086311772732,,0,0,,,,Animal protein,0.9183006535947712,0.6394743601097272,,0.8529411764705882,0.5262086311772732,,0.8529411764705882,0.5262086311772732,
,,Plant-based protein,0.9509803921568627,0.6231068053330914,,0.9509803921568627,0.6231068053330914,,0,0,,,,Plant-based protein,0.9509803921568627,0.6231068053330914,,0.9509803921568627,0.6231068053330914,,0.9509803921568627,0.6231068053330914,
,,Added fats,0.7908496732026143,0.33593975554134337,0.11473232955433767,0.7908496732026143,0.33593975554134337,0.11473232955433767,0,0,0,,,Added fats,0.7908496732026143,0.33593975554134337,0.11473232955433767,0.7908496732026143,0.33593975554134337,0.11473232955433767,0.7908496732026143,0.33593975554134337,0.11473232955433767
,1,Starchy staples,0.2,0.026085709627936864,0.006413586583957557,0.2,0.026085709627936864,0.006413586583957557,0,0,0,,1,Starchy staples,0.2,0.026085709627936864,0.006413586583957557,0.2,0.026085709627936864,0.006413586583957557,0.2,0.026085709627936864,0.006413586583957557
,,Grains,0.45,0.16509629801081085,,0.45,0.16509629801081085,,0,0,,,,Grains,0.45,0.16509629801081085,,0.45,0.16509629801081085,,0.45,0.16509629801081085,
,,Roots & Tubers,0.21666666666666667,0.17510937380994485,,0.21666666666666667,0.17510937380994485,,0,0,,,,Roots & Tubers,0.21666666666666667,0.17510937380994485,,0.21666666666666667,0.17510937380994485,,0.21666666666666667,0.17510937380994485,
,,Vegetables,0.9666666666666667,0.6798020321079808,0.18195807407905093,0.9666666666666667,0.6798020321079808,0.18195807407905093,0,0,0,,,Vegetables,0.9666666666666667,0.6798020321079808,0.18195807407905093,0.9666666666666667,0.6798020321079808,0.18195807407905093,0.9666666666666667,0.6798020321079808,0.18195807407905093
,,Fruits,0.9833333333333333,0.7948799837518623,0.21154489177944405,0.9833333333333333,0.7948799837518623,0.21154489177944405,0,0,0,,,Fruits,0.9833333333333333,0.7948799837518623,0.21154489177944405,0.9833333333333333,0.7948799837518623,0.21154489177944405,0.9833333333333333,0.7948799837518623,0.21154489177944405
,,Dairy foods,1,0.8846564680143119,0.24025517522044082,1,0.8846564680143119,0.24025517522044082,0,0,0,,,Dairy foods,1,0.8846564680143119,0.24025517522044082,1,0.8846564680143119,0.24025517522044082,1,0.8846564680143119,0.24025517522044082
,,Protein foods,1,0.7913571467809553,0.21670776792609978,1,0.7913571467809553,0.21670776792609978,0,0,0,,,Protein foods,1,0.7913571467809553,0.21670776792609978,1,0.7913571467809553,0.21670776792609978,1,0.7913571467809553,0.21670776792609978
,,Animal protein,0.9833333333333333,0.8018653955310582,,0.9833333333333333,0.8018653955310582,,0,0,,,,Animal protein,1,0.8479693382686262,,0.9833333333333333,0.8018653955310582,,0.9833333333333333,0.8018653955310582,
,,Plant-based protein,1,0.7855025126553964,,1,0.7855025126553964,,0,0,,,,Plant-based protein,1,0.7855025126553964,,1,0.7855025126553964,,1,0.7855025126553964,
,,Added fats,0.9666666666666667,0.5419990912202041,0.14312050441100685,0.9666666666666667,0.5419990912202041,0.14312050441100685,0,0,0,,,Added fats,0.9666666666666667,0.5419990912202041,0.14312050441100685,0.9666666666666667,0.5419990912202041,0.14312050441100685,0.9666666666666667,0.5419990912202041,0.14312050441100685
,2,Starchy staples,0.16393442622950818,0.025640331073345308,0.0071949631432663965,0.16393442622950818,0.025640331073345308,0.0071949631432663965,0,0,0,,2,Starchy staples,0.16393442622950818,0.025640331073345308,0.0071949631432663965,0.16393442622950818,0.025640331073345308,0.0071949631432663965,0.16393442622950818,0.025640331073345308,0.0071949631432663965
,,Grains,0.5901639344262295,0.224257308461215,,0.5901639344262295,0.224257308461215,,0,0,,,,Grains,0.5901639344262295,0.224257308461215,,0.5901639344262295,0.224257308461215,,0.5901639344262295,0.224257308461215,
,,Roots & Tubers,0.09836065573770492,0.05879630858079382,,0.09836065573770492,0.05879630858079382,,0,0,,,,Roots & Tubers,0.09836065573770492,0.05879630858079382,,0.09836065573770492,0.05879630858079382,,0.09836065573770492,0.05879630858079382,
,,Vegetables,0.9836065573770492,0.5530251284114649,0.18180687988109495,0.9836065573770492,0.5530251284114649,0.18180687988109495,0,0,0,,,Vegetables,0.9836065573770492,0.5530251284114649,0.18180687988109495,0.9836065573770492,0.5530251284114649,0.18180687988109495,0.9836065573770492,0.5530251284114649,0.18180687988109495
,,Fruits,0.9508196721311475,0.5733512260626605,0.18141677820730487,0.9508196721311475,0.5733512260626605,0.18141677820730487,0,0,0,,,Fruits,0.9508196721311475,0.5733512260626605,0.18141677820730487,0.9508196721311475,0.5733512260626605,0.18141677820730487,0.9508196721311475,0.5733512260626605,0.18141677820730487
,,Dairy foods,0.9672131147540983,0.8465139692930446,0.2786962170336469,0.9672131147540983,0.8465139692930446,0.2786962170336469,0,0,0,,,Dairy foods,0.9672131147540983,0.8465139692930446,0.2786962170336469,0.9672131147540983,0.8465139692930446,0.2786962170336469,0.9672131147540983,0.8465139692930446,0.2786962170336469
,,Protein foods,0.9836065573770492,0.6734509348979687,0.22378189107402793,0.9836065573770492,0.6734509348979687,0.22378189107402793,0,0,0,,,Protein foods,0.9836065573770492,0.6734509348979687,0.22378189107402793,0.9836065573770492,0.6734509348979687,0.22378189107402793,0.9836065573770492,0.6734509348979687,0.22378189107402793
,,Animal protein,1,0.6643210902321534,,1,0.6643210902321534,,0,0,,,,Animal protein,1,0.7731912167834456,,1,0.6643210902321534,,1,0.6643210902321534,
,,Plant-based protein,0.9672131147540983,0.6716846126194772,,0.9672131147540983,0.6716846126194772,,0,0,,,,Plant-based protein,0.9672131147540983,0.6716846126194772,,0.9672131147540983,0.6716846126194772,,0.9672131147540983,0.6716846126194772,
,,Added fats,0.9016393442622951,0.39353032951006617,0.12710327066065896,0.9016393442622951,0.39353032951006617,0.12710327066065896,0,0,0,,,Added fats,0.9016393442622951,0.39353032951006617,0.12710327066065896,0.9016393442622951,0.39353032951006617,0.12710327066065896,0.9016393442622951,0.39353032951006617,0.12710327066065896
,3,Starchy staples,0.14754098360655737,0.03618679002487785,0.009383520619560968,0.14754098360655737,0.03618679002487785,0.009383520619560968,0,0,0,,3,Starchy staples,0.14754098360655737,0.03618679002487785,0.009383520619560968,0.14754098360655737,0.03618679002487785,0.009383520619560968,0.14754098360655737,0.03618679002487785,0.009383520619560968
,,Grains,0.5901639344262295,0.21954595430815252,,0.5901639344262295,0.21954595430815252,,0,0,,,,Grains,0.5901639344262295,0.21954595430815252,,0.5901639344262295,0.21954595430815252,,0.5901639344262295,0.21954595430815252,
,,Roots & Tubers,0.01639344262295082,0.01639344262295082,,0.01639344262295082,0.01639344262295082,,0,0,,,,Roots & Tubers,0.01639344262295082,0.01639344262295082,,0.01639344262295082,0.01639344262295082,,0.01639344262295082,0.01639344262295082,
,,Vegetables,0.9344262295081968,0.5060355513974767,0.1803527932471874,0.9344262295081968,0.5060355513974767,0.1803527932471874,0,0,0,,,Vegetables,0.9344262295081968,0.5060355513974767,0.1803527932471874,0.9344262295081968,0.5060355513974767,0.1803527932471874,0.9344262295081968,0.5060355513974767,0.1803527932471874
,,Fruits,0.7540983606557377,0.48253557770754124,0.16269586275046474,0.7540983606557377,0.48253557770754124,0.16269586275046474,0,0,0,,,Fruits,0.7540983606557377,0.48253557770754124,0.16269586275046474,0.7540983606557377,0.48253557770754124,0.16269586275046474,0.7540983606557377,0.48253557770754124,0.16269586275046474
,,Dairy foods,0.9672131147540983,0.7751082037980181,0.30256944842960415,0.9672131147540983,0.7751082037980181,0.30256944842960415,0,0,0,,,Dairy foods,0.9672131147540983,0.7751082037980181,0.30256944842960415,0.9672131147540983,0.7751082037980181,0.30256944842960415,0.9672131147540983,0.7751082037980181,0.30256944842960415
,,Protein foods,1,0.6066697529514045,0.22816533326778424,1,0.6066697529514045,0.22816533326778424,0,0,0,,,Protein foods,1,0.6066697529514045,0.22816533326778424,1,0.6066697529514045,0.22816533326778424,1,0.6066697529514045,0.22816533326778424
,,Animal protein,0.8688524590163934,0.5128983715719752,,0.8688524590163934,0.5128983715719752,,0,0,,,,Animal protein,0.9016393442622951,0.638966129106634,,0.8688524590163934,0.5128983715719752,,0.8688524590163934,0.5128983715719752,
,,Plant-based protein,1,0.6388272618941554,,1,0.6388272618941554,,0,0,,,,Plant-based protein,1,0.6388272618941554,,1,0.6388272618941554,,1,0.6388272618941554,
,,Added fats,0.7868852459016393,0.3458547405744186,0.1168330416853984,0.7868852459016393,0.3458547405744186,0.1168330416853984,0,0,0,,,Added fats,0.7868852459016393,0.3458547405744186,0.1168330416853984,0.7868852459016393,0.3458547405744186,0.1168330416853984,0.7868852459016393,0.3458547405744186,0.1168330416853984
,4,Starchy staples,0.11290322580645161,0.030434782473366898,0.00962981742424733,0.11290322580645161,0.030434782473366898,0.009629817424247332,0,0,0,,4,Starchy staples,0.11290322580645161,0.030434782473366898,0.009629817424247332,0.11290322580645161,0.030434782473366898,0.009629817424247332,0.11290322580645161,0.030434782473366898,0.009629817424247332
,,Grains,0.6451612903225806,0.2719868719186605,,0.6451612903225806,0.27198687191866044,,0,0,,,,Grains,0.6451612903225806,0.27198687191866044,,0.6451612903225806,0.27198687191866044,,0.6451612903225806,0.27198687191866044,
,,Roots & Tubers,0.016129032258064516,0.016129032258064516,,0.016129032258064516,0.016129032258064516,,0,0,,,,Roots & Tubers,0.016129032258064516,0.016129032258064516,,0.016129032258064516,0.016129032258064516,,0.016129032258064516,0.016129032258064516,
,,Vegetables,0.9193548387096774,0.33851601034279605,0.15463895545867404,0.9193548387096774,0.33851601034279605,0.15463895545867404,0,0,0,,,Vegetables,0.9193548387096774,0.33851601034279605,0.15463895545867404,0.9193548387096774,0.33851601034279605,0.15463895545867404,0.9193548387096774,0.33851601034279605,0.15463895545867404
,,Fruits,0.7096774193548387,0.32473666455522293,0.14107602897676078,0.7096774193548387,0.324736664555223,0.14107602897676078,0,0,0,,,Fruits,0.7096774193548387,0.324736664555223,0.14107602897676078,0.7096774193548387,0.324736664555223,0.14107602897676078,0.7096774193548387,0.324736664555223,0.14107602897676078
,,Dairy foods,0.967741935483871,0.7318410529080961,0.3570783226147108,0.967741935483871,0.7318410529080961,0.3570783226147108,0,0,0,,,Dairy foods,0.967741935483871,0.7318410529080961,0.3570783226147108,0.967741935483871,0.7318410529080961,0.3570783226147108,0.967741935483871,0.7318410529080961,0.3570783226147108
,,Protein foods,0.9516129032258065,0.48402800462695755,0.22452060750580546,0.9516129032258065,0.48402800462695755,0.22452060750580544,0,0,0,,,Protein foods,0.9516129032258065,0.48402800462695755,0.22452060750580544,0.9516129032258065,0.48402800462695755,0.22452060750580544,0.9516129032258065,0.48402800462695755,0.22452060750580544
,,Animal protein,0.7903225806451613,0.3800613379682039,,0.7903225806451613,0.3800613379682039,,0,0,,,,Animal protein,0.9193548387096774,0.5458124562164864,,0.7903225806451613,0.3800613379682039,,0.7903225806451613,0.3800613379682039,
,,Plant-based protein,0.9193548387096774,0.517851003296412,,0.9193548387096774,0.517851003296412,,0,0,,,,Plant-based protein,0.9193548387096774,0.517851003296412,,0.9193548387096774,0.517851003296412,,0.9193548387096774,0.517851003296412,
,,Added fats,0.7258064516129032,0.25957648847202397,0.11305626801980158,0.7258064516129032,0.25957648847202397,0.11305626801980158,0,0,0,,,Added fats,0.7258064516129032,0.25957648847202397,0.11305626801980158,0.7258064516129032,0.25957648847202397,0.11305626801980158,0.7258064516129032,0.25957648847202397,0.11305626801980158
,5,Starchy staples,0.1935483870967742,0.04125927123444356,0.017986353470226396,0.1935483870967742,0.041259271234443555,0.017986353470226393,0,0,0,,5,Starchy staples,0.1935483870967742,0.041259271234443555,0.017986353470226393,0.1935483870967742,0.041259271234443555,0.017986353470226393,0.1935483870967742,0.041259271234443555,0.017986353470226393
,,Grains,0.6129032258064516,0.20618795291188557,,0.6129032258064516,0.20618795291188557,,0,0,,,,Grains,0.6129032258064516,0.20618795291188557,,0.6129032258064516,0.20618795291188557,,0.6129032258064516,0.20618795291188557,
,,Roots & Tubers,0,0,,0,0,,0,0,,,,Roots & Tubers,0,0,,0,0,,0,0,
,,Vegetables,0.7741935483870968,0.2564256543261242,0.1518111026077459,0.7741935483870968,0.2564256543261242,0.15181110260774597,0,0,0,,,Vegetables,0.7741935483870968,0.2564256543261242,0.15181110260774597,0.7741935483870968,0.2564256543261242,0.15181110260774597,0.7741935483870968,0.2564256543261242,0.15181110260774597
,,Fruits,0.5,0.2215304402772793,0.11379652785128366,0.5,0.2215304402772793,0.11379652785128366,0,0,0,,,Fruits,0.5,0.2215304402772793,0.11379652785128366,0.5,0.2215304402772793,0.11379652785128366,0.5,0.2215304402772793,0.11379652785128366
,,Dairy foods,0.967741935483871,0.6088114929882853,0.392287085518567,0.967741935483871,0.6088114929882853,0.39228708551856684,0,0,0,,,Dairy foods,0.967741935483871,0.6088114929882853,0.39228708551856684,0.967741935483871,0.6088114929882853,0.39228708551856684,0.967741935483871,0.6088114929882853,0.39228708551856684
,,Protein foods,0.8870967741935484,0.430774126760347,0.24942120621943958,0.8870967741935484,0.430774126760347,0.24942120621943958,0,0,0,,,Protein foods,0.8870967741935484,0.430774126760347,0.24942120621943958,0.8870967741935484,0.430774126760347,0.24942120621943958,0.8870967741935484,0.430774126760347,0.24942120621943958
,,Animal protein,0.6290322580645161,0.2828020529726085,,0.6290322580645161,0.2828020529726085,,0,0,,,,Animal protein,0.7741935483870968,0.400306830850679,,0.6290322580645161,0.2828020529726085,,0.6290322580645161,0.2828020529726085,
,,Plant-based protein,0.8709677419354839,0.5079442761756928,,0.8709677419354839,0.5079442761756928,,0,0,,,,Plant-based protein,0.8709677419354839,0.5079442761756928,,0.8709677419354839,0.5079442761756928,,0.8709677419354839,0.5079442761756928,
,,Added fats,0.5806451612903226,0.1464740026132226,0.07469772433273739,0.5806451612903226,0.1464740026132226,0.07469772433273739,0,0,0,,,Added fats,0.5806451612903226,0.1464740026132226,0.07469772433273739,0.5806451612903226,0.1464740026132226,0.07469772433273739,0.5806451612903226,0.1464740026132226,0.07469772433273739
,,,,,,,,,,,,,,,,,,,,,,,
"The ReDD index is based on calories (i.e., ReDD-C index specification).",,,,,,,,,,,,,,,,,,,,,,,
